n.sampling,p.sampling,surface.ha,date.sampling,date.analysis,flow.condition,temperature,pH,conductivity,O2,TP,TDP,SRP,DOC,DIC,abs254nm,SUVA254nm,aromaticiy,fluoride,chloride,nitrite,sulfate,bromide,nitrate
1,P01,1262,08/03/2018,09/03/2018,,6.4,7.18,161.8,12.42,0.084,0.021,0.016,9.3,5.3,0.276,2.96,22.9,0.08,20.16,,11.1,0.11,12.02
1,P02,553,08/03/2018,09/03/2018,,7.1,7.41,206.0,12.0,0.114,0.039,0.025,7.1,6.3,0.257,3.63,27.29,0.07,25.93,,9.96,0.11,27.46
1,P03,629,08/03/2018,09/03/2018,,7.3,7.18,214.0,11.8,0.076,0.025,0.018,7.7,4.3,0.26,3.36,25.53,0.07,26.19,,9.33,0.1,37.63
1,P04,599,08/03/2018,09/03/2018,,7.0,6.9,231.0,12.18,0.097,0.036,0.022,7.7,5.5,0.248,3.24,24.74,0.09,26.01,,12.4,0.1,37.2
1,P05,431,08/03/2018,09/03/2018,,7.0,6.96,248.0,12.09,0.144,0.041,0.026,8.9,7.1,0.297,3.33,25.36,0.09,24.76,,14.12,0.11,42.38
1,P06,7239,08/03/2018,09/03/2018,,7.2,7.08,236.0,12.17,0.056,0.026,0.017,8.5,6.2,0.248,2.91,22.59,0.08,28.09,,11.71,0.11,40.4
1,P07,361,08/03/2018,09/03/2018,,7.8,7.0,258.0,11.6,0.195,0.03,0.015,9.1,7.8,0.303,3.34,25.4,0.08,26.75,,9.21,0.11,48.84
1,P09,12044,08/03/2018,09/03/2018,,7.3,7.1,241.0,12.14,0.073,0.047,0.019,7.9,6.3,0.252,3.19,24.45,0.07,28.91,,12.73,0.11,35.94
1,P10,5326,08/03/2018,09/03/2018,,7.1,7.06,247.0,11.73,0.169,0.042,0.027,10.5,8.1,0.302,2.87,22.32,0.12,29.46,,15.41,0.1,25.98
1,P29,156,08/03/2018,09/03/2018,,7.3,7.08,184.5,12.29,0.086,0.03,0.02,9.2,3.8,0.273,2.98,23.05,0.08,21.86,,11.67,0.09,25.85
1,P11,155,08/03/2018,09/03/2018,,8.0,6.82,230.0,11.35,0.219,0.084,0.069,9.3,5.7,0.24,2.57,20.42,0.16,32.72,,12.53,0.08,25.41
1,P12,178,08/03/2018,09/03/2018,,7.3,6.47,148.1,11.87,0.008,0.019,0.012,10.5,1.1,0.34,3.24,24.78,0.07,27.94,,7.7,0.07,7.77
1,P13,138,08/03/2018,09/03/2018,,7.3,6.45,137.0,12.13,0.025,0.011,0.012,6.7,1.6,0.158,2.35,18.98,0.07,25.75,,7.11,0.08,8.52
1,P14,181,08/03/2018,09/03/2018,,7.4,6.31,122.6,12.13,0.028,0.001,0.011,6.3,0.8,0.156,2.47,19.76,0.08,28.14,,5.69,0.07,3.06
1,P15,80,08/03/2018,09/03/2018,,7.2,5.91,106.4,11.67,0.017,0.019,0.011,4.9,0.6,0.108,2.21,18.06,0.1,23.6,,6.11,0.07,2.79
1,P16,500,08/03/2018,09/03/2018,,7.4,6.18,147.7,12.2,0.046,0.016,0.012,5.4,1.7,0.131,2.42,19.41,0.09,26.24,,6.81,0.08,13.88
1,P17,547,08/03/2018,09/03/2018,,8.4,6.56,227.0,11.67,0.181,0.037,0.031,7.2,7.8,0.206,2.87,22.33,0.11,23.21,,11.63,0.09,31.62
1,P18,1439,08/03/2018,09/03/2018,,7.5,6.74,145.7,12.29,0.047,0.025,0.013,5.2,2.0,0.128,2.47,19.74,0.08,21.28,,12.36,0.08,12.58
1,P19,587,08/03/2018,09/03/2018,,8.3,6.87,254.0,11.68,0.254,0.065,0.049,9.3,7.8,0.249,2.67,21.07,0.15,22.8,,12.32,0.09,43.24
1,P20,933,08/03/2018,09/03/2018,,8.2,6.95,226.0,11.6,0.197,0.072,0.057,8.5,8.2,0.263,3.1,23.83,0.09,23.43,,12.5,0.1,27.42
1,P21,459,08/03/2018,09/03/2018,,8.8,6.92,271.0,11.59,0.145,0.047,0.039,8.3,8.2,0.248,2.98,23.06,0.12,31.79,,15.88,0.11,33.05
1,P22,1092,08/03/2018,09/03/2018,,8.5,7.06,267.0,11.98,0.149,0.034,0.023,7.9,6.6,0.213,2.7,21.24,0.11,30.67,,21.42,0.11,31.75
1,P23,458,08/03/2018,09/03/2018,,8.2,7.01,236.0,11.78,0.121,0.038,0.02,7.2,6.4,0.221,3.06,23.58,0.09,27.95,,15.5,0.1,27.95
1,YV2,30025,08/03/2018,09/03/2018,,7.6,7.12,246.0,12.27,0.081,0.034,0.023,7.1,6.2,0.228,3.19,24.44,0.08,28.42,,14.15,0.1,33.66
1,P24,145,08/03/2018,09/03/2018,,8.2,6.96,261.0,11.21,0.082,0.045,0.023,7.3,5.4,0.201,2.74,21.52,0.08,30.76,,17.37,0.1,38.46
1,P25,414,08/03/2018,09/03/2018,,8.8,6.95,270.0,11.71,0.137,0.041,0.027,7.8,8.1,0.243,3.13,24.02,0.11,27.04,,12.94,0.1,46.33
1,P26,113,08/03/2018,09/03/2018,,8.0,6.82,302.0,10.67,0.132,0.048,0.031,8.2,7.2,0.199,2.41,19.37,0.19,23.47,,18.85,0.11,65.51
2,P01,1262,20/03/2018,21/03/2018,,4.7,7.38,180.6,12.7,0.027,0.012,0.012,5.3,4.6,0.183,3.45,26.14,0.08,21.63,,13.09,0.11,15.52
2,P02,553,20/03/2018,21/03/2018,,5.4,7.24,227.0,12.4,0.051,0.025,0.017,5.1,5.0,0.183,3.56,26.87,0.07,26.06,,11.01,0.11,35.64
2,P03,629,20/03/2018,21/03/2018,,5.5,7.07,244.0,12.41,0.041,0.03,0.016,6.2,4.8,0.215,3.45,26.14,0.09,27.86,,9.74,0.1,41.71
2,P04,599,20/03/2018,21/03/2018,,6.2,7.1,243.0,12.48,0.049,0.021,0.012,5.5,4.9,0.189,3.45,26.1,0.08,25.92,,12.7,0.1,40.96
2,P05,431,20/03/2018,21/03/2018,,5.8,7.03,291.0,12.45,0.053,0.023,0.019,5.4,6.6,0.201,3.74,28.04,0.08,25.72,,15.92,0.11,56.99
2,P06,7239,20/03/2018,21/03/2018,,5.5,7.14,254.0,12.7,0.044,0.013,0.014,5.5,5.1,0.198,3.6,27.1,0.07,28.05,,11.55,0.11,43.75
2,P07,361,20/03/2018,21/03/2018,,7.2,7.19,307.0,11.96,0.024,0.021,0.011,3.6,4.8,0.113,3.16,24.26,0.08,32.73,,8.32,0.13,71.4
2,P08,1279,20/03/2018,21/03/2018,,6.5,7.17,302.0,12.34,0.053,0.028,0.018,3.0,6.6,0.104,3.43,25.98,0.08,30.57,,14.87,0.11,56.91
2,P09,12044,20/03/2018,21/03/2018,,5.8,7.22,369.0,12.56,0.05,0.021,0.013,5.2,5.8,0.184,3.55,26.8,0.07,29.88,,13.48,0.12,44.46
2,P10,5326,20/03/2018,21/03/2018,,5.9,7.48,265.0,12.6,0.062,0.023,0.019,7.4,7.9,0.226,3.05,23.5,0.08,30.48,,16.26,0.1,28.64
2,P11,155,20/03/2018,21/03/2018,,8.1,7.16,245.0,11.55,0.053,0.025,0.024,4.1,3.4,0.103,2.5,19.93,0.08,33.72,,12.31,0.09,36.57
2,P12,178,20/03/2018,21/03/2018,,6.1,7.05,142.6,12.16,0.024,0.017,0.011,8.6,0.9,0.293,3.42,25.93,0.08,27.93,,7.59,0.08,9.09
2,P13,138,20/03/2018,21/03/2018,,6.4,6.65,154.9,12.19,0.017,0.012,0.011,4.9,2.2,0.122,2.46,19.7,0.07,25.27,,8.17,0.09,14.92
2,P14,181,20/03/2018,21/03/2018,,6.7,5.61,124.1,12.05,0.013,0.01,0.01,5.6,0.4,0.139,2.48,19.79,0.11,28.02,,6.08,0.07,1.82
2,P15,80,20/03/2018,21/03/2018,,6.9,5.4,112.3,11.32,0.014,0.01,0.01,4.0,0.7,0.083,2.06,17.05,0.13,24.72,,6.58,0.07,2.31
2,P16,500,20/03/2018,21/03/2018,,7.5,5.56,159.0,12.01,0.025,0.011,0.01,4.8,1.2,0.112,2.33,18.85,0.08,26.6,,7.2,0.08,19.65
2,P17,547,20/03/2018,21/03/2018,,8.0,5.88,245.0,11.95,0.028,0.031,0.013,3.4,4.8,0.092,2.7,21.2,0.09,25.13,,12.85,0.09,44.89
2,P18,1439,20/03/2018,21/03/2018,,7.7,6.69,150.2,12.06,0.035,0.019,0.01,4.5,2.0,0.129,2.87,22.36,0.08,21.31,,11.97,0.07,14.37
2,P19,587,20/03/2018,21/03/2018,,7.8,7.38,259.0,11.9,0.04,0.031,0.017,3.6,4.8,0.098,2.7,21.25,0.09,25.0,,12.82,0.1,53.11
2,P20,933,20/03/2018,21/03/2018,,7.5,7.28,236.0,12.06,0.054,0.029,0.022,3.9,5.9,0.124,3.19,24.41,0.08,24.14,,13.77,0.1,37.23
2,P21,459,20/03/2018,21/03/2018,,8.2,7.26,293.0,11.85,0.046,0.035,0.022,4.8,6.5,0.144,2.98,23.09,0.09,34.31,,17.25,0.12,41.2
2,P22,1092,20/03/2018,21/03/2018,,7.8,7.2,291.0,12.15,0.044,0.026,0.018,6.2,6.3,0.171,2.76,21.61,0.09,31.76,,22.41,0.13,38.86
2,P23,458,20/03/2018,21/03/2018,,7.6,7.22,252.0,11.9,0.038,0.032,0.015,4.6,5.6,0.135,2.94,22.82,0.09,26.58,,17.03,0.11,37.55
2,P24,145,20/03/2018,21/03/2018,,7.7,6.7,288.0,11.38,0.052,0.018,0.014,4.1,5.0,0.107,2.64,20.82,0.08,31.23,,18.5,0.1,49.56
2,P25,414,20/03/2018,21/03/2018,,8.2,6.51,298.0,11.76,0.029,0.029,0.013,2.9,4.6,0.082,2.83,22.07,0.1,30.08,,12.92,0.11,64.12
2,P26,113,20/03/2018,21/03/2018,,7.2,6.44,295.0,11.42,0.039,0.024,0.018,5.0,5.4,0.14,2.83,22.09,0.08,22.5,,18.01,0.1,66.42
2,P1sup,3484,20/03/2018,21/03/2018,,5.5,7.08,242.0,12.75,0.031,0.023,0.013,4.8,5.2,0.155,3.23,24.71,0.07,27.87,,15.51,0.11,32.31
2,P2sup,8951,20/03/2018,21/03/2018,,5.8,7.19,270.0,12.63,0.066,0.032,0.022,6.1,7.1,0.192,3.16,24.22,0.09,29.8,,16.88,0.1,33.6
2,P3sup,25540,20/03/2018,21/03/2018,,5.9,7.16,270.0,12.58,0.061,0.029,0.017,5.6,6.0,0.179,3.19,24.44,0.08,29.75,,14.59,0.11,41.87
2,YV2,30025,20/03/2018,21/03/2018,,6.2,7.35,263.0,12.52,0.051,0.043,0.017,5.3,5.6,0.171,3.22,24.64,0.08,28.86,,14.53,0.11,40.79
3,P01,1262,05/04/2018,06/04/2018,,8.0,7.67,158.4,11.5,0.05,0.032,0.022,9.4,5.5,0.306,3.25,24.85,0.09,17.31,0.17,10.7,0.1,10.06
3,P02,553,05/04/2018,06/04/2018,,8.3,7.4,217.0,11.45,0.074,0.03,0.022,7.4,6.0,0.262,3.55,26.78,0.08,23.89,0.19,10.3,0.11,30.13
3,P03,629,05/04/2018,06/04/2018,,8.5,7.29,216.0,11.21,0.047,0.025,0.019,7.7,4.0,0.28,3.63,27.3,0.07,25.03,,9.3,0.09,36.64
3,P04,599,05/04/2018,06/04/2018,,9.5,7.15,237.0,11.24,0.064,0.029,0.018,6.5,4.9,0.216,3.34,25.39,0.09,24.57,0.12,12.34,0.09,39.29
3,P05,431,05/04/2018,06/04/2018,,9.0,7.08,276.0,11.24,0.071,0.053,0.024,7.3,6.7,0.249,3.43,26.02,0.07,24.06,0.22,15.6,0.1,51.25
3,P06,7239,05/04/2018,06/04/2018,,8.8,7.23,239.0,11.4,0.071,0.025,0.019,7.6,5.7,0.272,3.58,27.0,0.08,25.65,0.15,10.57,0.1,39.6
3,P07,361,05/04/2018,06/04/2018,,9.3,7.18,300.0,11.06,0.04,0.016,0.013,5.7,5.5,0.18,3.16,24.22,0.06,30.35,0.12,9.0,0.12,66.16
3,P08,1279,05/04/2018,06/04/2018,,9.2,7.08,294.0,11.24,0.071,0.027,0.022,5.0,7.0,0.134,2.66,20.98,0.07,29.83,0.22,14.36,0.11,51.18
3,P09,12044,05/04/2018,06/04/2018,,9.3,7.1,241.0,11.17,0.089,0.033,0.02,8.4,6.4,0.28,3.34,25.39,0.08,25.88,0.18,11.66,0.11,34.22
3,P10,5326,05/04/2018,06/04/2018,,10.7,6.62,246.0,11.12,0.1,0.036,0.026,11.4,9.8,0.327,2.88,22.44,0.09,27.29,0.22,14.46,0.09,20.8
3,P11,155,05/04/2018,06/04/2018,,10.9,5.88,230.0,10.7,0.082,0.032,0.03,6.7,3.5,0.16,2.4,19.29,0.08,32.39,0.09,12.89,0.08,28.51
3,P12,178,05/04/2018,06/04/2018,,10.2,5.64,131.5,10.72,0.024,0.008,0.014,10.4,0.8,0.353,3.4,25.77,0.07,25.91,,7.48,,7.07
3,P13,138,05/04/2018,06/04/2018,,10.8,5.75,137.0,10.81,0.024,0.012,0.013,6.2,1.8,0.156,2.51,20.01,0.07,23.9,,7.46,,9.9
3,P14,181,05/04/2018,06/04/2018,,10.5,5.46,118.0,11.1,0.018,0.012,0.013,6.6,0.3,0.162,2.46,19.64,0.08,26.43,,6.1,,1.72
3,P15,80,05/04/2018,06/04/2018,,10.0,6.39,106.6,10.41,0.016,0.011,0.012,4.9,0.4,0.096,1.95,16.34,0.03,23.39,,6.68,,1.97
3,P16,500,05/04/2018,06/04/2018,,11.5,7.39,143.3,10.7,0.029,0.014,0.012,5.3,1.1,0.125,2.35,18.98,0.09,24.99,,6.9,,14.41
3,P17,547,05/04/2018,06/04/2018,,9.8,7.12,233.0,11.11,0.055,0.02,0.017,4.8,6.3,0.137,2.82,22.02,0.09,23.19,0.16,12.45,0.08,37.28
3,P18,1439,05/04/2018,06/04/2018,,10.2,7.44,141.6,11.17,0.046,0.02,0.013,4.6,2.1,0.136,2.94,22.77,0.08,20.41,,10.99,0.06,12.41
3,P19,587,05/04/2018,06/04/2018,,10.5,7.27,250.0,11.02,0.083,0.032,0.022,5.8,7.5,0.154,2.68,21.09,0.08,22.94,0.19,12.33,0.09,44.48
3,P20,933,05/04/2018,06/04/2018,,10.6,7.34,227.0,10.96,0.077,0.032,0.025,5.5,6.4,0.16,2.91,22.57,0.07,22.7,0.2,13.21,0.1,31.8
3,P21,459,05/04/2018,06/04/2018,,10.7,7.24,281.0,10.8,0.071,0.043,0.032,7.6,7.6,0.191,2.51,20.0,0.08,32.21,0.15,16.77,0.11,35.08
3,P22,1092,05/04/2018,06/04/2018,,11.0,7.19,272.0,11.01,0.073,0.046,0.026,7.8,7.5,0.222,2.84,22.17,0.07,28.45,0.19,20.58,0.12,32.95
3,P23,458,05/04/2018,06/04/2018,,10.9,7.45,241.0,10.78,0.062,0.023,0.018,6.3,6.6,0.183,2.91,22.61,0.09,24.97,0.14,16.53,0.1,32.18
3,P24,145,05/04/2018,06/04/2018,,10.2,6.94,273.0,10.5,0.13,0.019,0.018,5.8,5.4,0.144,2.47,19.73,0.07,29.7,0.12,17.96,0.1,43.26
3,P25,414,05/04/2018,06/04/2018,,9.8,6.96,290.0,11.09,0.064,0.024,0.02,4.8,5.9,0.123,2.56,20.33,0.08,28.77,0.14,13.24,0.11,58.31
3,P26,113,05/04/2018,06/04/2018,,9.9,6.98,274.0,10.3,0.061,0.028,0.022,7.1,6.3,0.189,2.65,20.92,0.07,21.59,0.19,17.97,0.09,55.49
3,P27,1390,05/04/2018,06/04/2018,,9.2,7.06,259.0,11.17,0.096,0.051,0.04,6.7,6.6,0.204,3.04,23.45,0.08,28.44,0.21,12.26,0.1,39.87
3,P28,2363,05/04/2018,06/04/2018,,11.3,6.45,203.0,10.9,0.102,0.041,0.03,10.5,4.9,0.29,2.76,21.65,0.09,25.03,0.15,12.46,0.09,18.76
3,P29,156,05/04/2018,06/04/2018,,11.0,6.26,181.8,10.01,0.038,0.019,0.015,7.4,2.8,0.221,2.98,23.06,0.05,19.86,0.08,12.91,,26.48
3,P1sup,3484,05/04/2018,06/04/2018,,8.8,7.16,213.0,11.5,0.07,0.035,0.024,8.8,6.2,0.275,3.11,23.92,0.09,22.97,0.18,13.0,0.11,23.75
3,P2sup,8951,05/04/2018,06/04/2018,,9.8,7.11,246.0,11.01,0.113,0.05,0.028,9.4,8.8,0.287,3.05,23.5,0.11,26.53,0.23,14.59,0.09,24.89
3,P3sup,25540,05/04/2018,06/04/2018,,9.8,7.03,243.0,11.07,0.105,0.034,0.025,9.6,6.6,0.271,2.82,22.01,0.1,26.04,0.2,12.97,0.1,31.44
3,YV2,30025,05/04/2018,06/04/2018,,10.0,7.01,241.0,11.05,0.097,0.035,0.025,8.5,6.5,0.241,2.84,22.12,0.1,26.27,0.19,13.1,0.1,31.99
4,P01,1262,24/04/2018,25/04/2018,,10.1,7.5,177.0,11.05,0.024,0.013,0.014,5.9,5.0,0.164,2.79,21.79,0.07,21.15,0.42,14.27,0.11,14.44
4,P02,553,24/04/2018,25/04/2018,,10.1,7.3,223.0,11.01,0.048,0.027,0.019,5.1,4.8,0.172,3.37,25.59,0.07,24.99,0.14,9.86,0.12,36.33
4,P03,629,24/04/2018,25/04/2018,,10.2,7.18,234.0,11.11,0.04,0.024,0.02,6.0,4.1,0.218,3.63,27.29,0.07,27.36,0.1,8.97,0.11,42.27
4,P04,599,24/04/2018,25/04/2018,,12.8,7.14,247.0,10.54,0.065,0.033,0.017,5.6,5.4,0.181,3.23,24.69,0.09,26.52,0.16,11.9,0.1,40.69
4,P05,431,24/04/2018,25/04/2018,,12.0,7.11,293.0,10.55,0.086,0.026,0.022,6.0,6.6,0.188,3.15,24.15,0.06,25.93,0.21,15.27,0.11,56.5
4,P06,7239,24/04/2018,25/04/2018,,10.7,7.31,255.0,11.07,0.045,0.03,0.018,5.8,5.4,0.196,3.39,25.72,0.07,27.86,0.22,10.29,0.1,45.67
4,P07,361,24/04/2018,25/04/2018,,10.3,7.3,299.0,11.1,0.014,0.011,0.013,3.3,4.6,0.118,3.58,26.98,0.06,32.16,0.1,7.04,0.13,71.29
4,P08,1279,24/04/2018,25/04/2018,,11.4,7.18,292.0,10.7,0.065,0.024,0.021,4.1,7.2,0.111,2.72,21.37,0.09,30.72,0.21,13.94,0.12,47.29
4,P09,12044,24/04/2018,25/04/2018,,11.5,7.22,267.0,10.91,0.059,0.023,0.017,5.2,5.5,0.18,3.43,26.02,0.07,29.9,0.13,12.15,0.11,44.67
4,P10,5326,24/04/2018,25/04/2018,,12.3,7.34,261.0,10.62,0.081,0.041,0.033,8.8,9.1,0.284,3.22,24.6,0.1,31.57,0.25,14.45,0.11,19.37
4,P11,155,24/04/2018,25/04/2018,,12.0,7.24,228.0,10.58,0.092,0.055,0.049,3.3,3.7,0.075,2.28,18.52,0.08,29.85,,11.7,0.09,34.39
4,P12,178,24/04/2018,25/04/2018,,12.0,6.51,131.0,10.62,0.03,0.013,0.015,8.9,0.8,0.34,3.81,28.48,0.08,27.19,,6.56,0.09,6.05
4,P13,138,24/04/2018,25/04/2018,,12.1,6.8,164.9,10.25,0.027,0.011,0.015,4.7,3.3,0.112,2.39,19.22,0.08,22.62,,8.38,0.09,20.25
4,P14,181,24/04/2018,25/04/2018,,13.4,5.67,118.8,10.13,0.014,0.007,0.013,5.4,0.7,0.13,2.39,19.19,0.09,27.55,,5.89,0.07,1.02
4,P15,80,24/04/2018,25/04/2018,,11.8,5.31,105.1,8.61,0.016,0.009,0.011,4.1,1.2,0.083,2.02,16.82,0.12,23.25,,6.53,0.07,1.01
4,P16,500,24/04/2018,25/04/2018,,15.1,5.74,144.5,9.94,0.028,0.008,0.013,5.1,1.7,0.116,2.25,18.27,0.09,25.45,,7.03,0.08,11.92
4,P17,547,24/04/2018,25/04/2018,,12.8,6.02,232.0,10.6,0.052,0.019,0.017,3.8,5.6,0.111,2.92,22.67,0.09,24.71,0.16,11.64,0.09,36.22
4,P18,1439,24/04/2018,25/04/2018,,15.3,6.25,144.9,9.93,0.038,0.017,0.014,5.1,2.5,0.136,2.69,21.18,0.08,21.51,,11.17,0.08,9.94
4,P19,587,24/04/2018,25/04/2018,,12.8,6.89,243.0,10.6,0.04,0.018,0.018,3.8,5.0,0.103,2.75,21.57,0.1,23.65,0.13,11.72,0.1,47.12
4,P20,933,24/04/2018,25/04/2018,,12.6,6.93,225.0,10.52,0.064,0.041,0.029,5.4,6.8,0.171,3.18,24.33,0.09,23.81,0.22,12.31,0.1,27.33
4,P21,459,24/04/2018,25/04/2018,,13.2,6.99,284.0,10.32,0.052,0.037,0.028,5.0,7.4,0.139,2.76,21.63,0.1,33.58,0.14,15.39,0.13,36.69
4,P22,1092,24/04/2018,25/04/2018,,14.1,7.04,297.0,10.49,0.058,0.033,0.02,6.4,8.0,0.185,2.9,22.51,0.08,31.69,0.2,22.5,0.13,34.1
4,P23,458,24/04/2018,25/04/2018,,13.8,7.01,237.0,10.28,0.043,0.024,0.016,5.1,6.8,0.156,3.03,23.37,0.1,25.81,0.16,15.23,0.11,27.63
4,P24,145,24/04/2018,25/04/2018,,14.0,6.59,273.0,10.16,0.032,0.017,0.017,5.5,6.6,0.145,2.64,20.85,0.07,31.62,0.13,17.59,0.12,33.69
4,P25,414,24/04/2018,25/04/2018,,12.2,6.4,288.0,10.79,0.047,0.016,0.018,3.4,5.9,0.107,3.15,24.2,0.09,30.19,0.13,11.44,0.11,56.06
4,P26,113,24/04/2018,25/04/2018,,13.2,6.21,276.0,9.97,0.103,0.047,0.027,7.2,7.9,0.174,2.43,19.5,0.07,23.19,0.35,16.99,0.11,45.69
4,P27,1390,24/04/2018,25/04/2018,,11.0,7.21,267.0,10.98,0.109,0.059,0.045,4.9,5.7,0.148,3.03,23.37,0.09,30.65,0.19,10.97,0.12,43.88
4,P28,2363,24/04/2018,25/04/2018,,12.6,7.55,191.0,10.51,0.089,0.041,0.041,8.8,4.4,0.279,3.17,24.32,0.07,25.69,0.2,11.49,0.09,15.22
4,P29,156,24/04/2018,25/04/2018,,11.0,7.37,168.0,11.02,0.039,0.032,0.018,8.5,2.6,0.325,3.81,28.5,0.05,21.03,0.09,12.06,0.09,18.66
4,P1sup,3484,24/04/2018,25/04/2018,,10.8,7.21,252.0,11.01,0.04,0.025,0.02,4.7,5.1,0.146,3.12,23.96,0.07,28.68,0.12,15.27,0.12,35.57
4,P2sup,8951,24/04/2018,25/04/2018,,12.3,7.25,267.0,10.51,0.076,0.044,0.032,7.4,8.8,0.235,3.16,24.23,0.1,30.44,0.21,15.45,0.11,25.22
4,P3sup,25540,24/04/2018,25/04/2018,,12.3,7.17,266.0,10.58,0.065,0.027,0.024,5.6,6.4,0.187,3.32,25.28,0.08,29.82,0.15,13.09,0.11,39.36
4,YV2,30025,24/04/2018,25/04/2018,,13.6,6.99,262.0,10.43,0.074,0.037,0.025,5.8,6.4,0.187,3.23,24.69,0.06,29.44,0.14,13.32,0.11,37.47
5,P01,1262,04/05/2018,05/05/2018,,9.7,6.67,175.5,11.05,0.026,0.013,0.015,5.9,4.6,0.195,3.32,25.3,0.08,21.57,0.11,13.04,0.12,11.08
5,P02,553,04/05/2018,05/05/2018,,10.3,6.6,222.0,10.8,0.038,0.021,0.018,5.2,5.4,0.188,3.59,27.02,0.07,25.08,0.2,9.58,0.12,33.94
5,P03,629,04/05/2018,05/05/2018,,10.0,6.71,230.0,11.0,0.031,0.048,0.018,6.2,4.6,0.239,3.88,28.93,0.06,27.5,0.11,8.96,0.1,40.02
5,P04,599,04/05/2018,05/05/2018,,11.4,6.69,247.0,10.7,0.061,0.022,0.015,4.9,6.3,0.186,3.8,28.43,0.09,26.73,0.16,11.59,0.1,37.62
5,P05,431,04/05/2018,05/05/2018,,11.1,6.71,291.0,10.44,0.065,0.028,0.021,5.2,7.7,0.196,3.78,28.28,0.06,26.44,0.22,14.84,0.11,53.26
5,P06,7239,04/05/2018,05/05/2018,,10.2,6.66,253.0,11.23,0.046,0.021,0.016,5.8,5.5,0.215,3.73,27.95,0.08,28.11,0.13,9.93,0.11,43.07
5,P07,361,04/05/2018,05/05/2018,,11.1,6.67,295.0,10.6,0.023,0.013,0.013,3.5,4.6,0.13,3.66,27.51,0.06,31.89,0.09,6.91,0.13,67.41
5,P08,1279,04/05/2018,05/05/2018,,10.9,6.67,289.0,10.6,0.055,0.024,0.02,3.4,8.0,0.113,3.35,25.5,0.09,31.09,0.2,13.33,0.12,43.92
5,P09,12044,04/05/2018,05/05/2018,,10.8,6.65,259.0,10.97,0.053,0.021,0.017,5.0,5.9,0.202,4.07,30.18,0.08,30.02,0.15,11.68,0.12,40.68
5,P10,5326,04/05/2018,05/05/2018,,12.4,6.63,254.0,10.6,0.091,0.046,0.035,9.3,9.7,0.329,3.54,26.73,0.1,32.82,0.24,13.23,0.11,15.26
5,P11,155,04/05/2018,05/05/2018,,12.7,6.48,223.0,9.96,0.071,0.05,0.047,3.1,4.4,0.079,2.54,20.21,0.08,28.79,0.14,10.96,0.09,31.38
5,P12,178,04/05/2018,05/05/2018,,11.8,6.65,127.7,10.33,0.057,0.012,0.014,5.4,3.0,0.125,2.33,18.82,0.08,22.69,,7.07,0.11,13.26
5,P13,138,04/05/2018,05/05/2018,,12.1,6.63,146.3,10.05,0.021,0.014,0.014,10.1,0.7,0.384,3.8,28.42,0.07,28.12,,6.05,0.09,4.0
5,P14,181,04/05/2018,05/05/2018,,13.8,6.57,119.2,9.91,0.04,0.014,0.014,5.4,0.6,0.123,2.29,18.55,0.09,28.17,,5.81,,0.97
5,P15,80,04/05/2018,05/05/2018,,11.7,6.57,102.9,8.0,0.01,0.013,0.012,3.6,1.5,0.072,2.0,16.67,0.12,22.8,,6.6,0.08,0.93
5,P16,500,04/05/2018,05/05/2018,,13.8,6.57,138.2,9.91,0.035,0.013,0.012,5.0,2.0,0.115,2.3,18.63,0.1,25.77,,6.77,0.08,7.64
5,P17,547,04/05/2018,05/05/2018,,13.5,6.6,224.0,10.26,0.039,0.021,0.017,4.2,6.1,0.126,3.0,23.21,0.09,24.95,0.16,10.93,0.1,30.83
5,P18,1439,04/05/2018,05/05/2018,,14.2,6.63,141.7,9.95,0.029,0.015,0.013,5.1,3.2,0.135,2.65,20.9,0.09,21.66,0.09,10.88,0.08,6.89
5,P19,587,04/05/2018,05/05/2018,,13.4,6.71,242.0,10.19,0.034,0.021,0.016,4.4,5.9,0.128,2.92,22.64,0.1,24.1,0.14,12.03,0.1,41.82
5,P20,933,04/05/2018,05/05/2018,,12.7,6.65,222.0,10.16,0.051,0.032,0.024,5.6,8.3,0.192,3.44,26.07,0.1,24.02,0.21,11.86,0.1,21.87
5,P21,459,04/05/2018,05/05/2018,,13.1,6.71,282.0,9.68,0.048,0.031,0.026,4.6,8.8,0.149,3.25,24.85,0.11,34.09,0.15,14.36,0.14,33.05
5,P22,1092,04/05/2018,05/05/2018,,14.5,6.65,293.0,10.23,0.05,0.028,0.021,6.8,9.4,0.196,2.86,22.3,0.09,32.93,0.21,22.08,0.14,28.69
5,P23,458,04/05/2018,05/05/2018,,14.4,6.64,237.0,9.64,0.037,0.02,0.017,5.3,8.4,0.184,3.48,26.32,0.11,26.83,0.19,14.58,0.12,22.88
5,P24,145,04/05/2018,05/05/2018,,12.9,6.63,267.0,9.2,0.029,0.02,0.018,6.7,8.1,0.169,2.53,20.11,0.11,32.33,0.18,16.57,0.13,24.26
5,P25,414,04/05/2018,05/05/2018,,12.2,6.63,281.0,10.64,0.032,0.021,0.016,3.1,6.0,0.088,2.89,22.44,0.1,30.48,0.13,11.42,0.11,52.05
5,P26,113,04/05/2018,05/05/2018,,12.8,6.61,272.0,9.56,0.106,0.062,0.032,8.4,9.6,0.217,2.58,20.46,0.08,24.79,0.6,15.48,0.12,35.24
5,P27,1390,04/05/2018,05/05/2018,,10.9,6.64,265.0,10.5,0.11,0.071,0.059,4.9,6.3,0.159,3.26,24.91,0.1,31.15,0.23,10.44,0.12,41.12
5,P28,2363,04/05/2018,05/05/2018,,12.5,6.67,180.6,10.27,0.099,0.061,0.048,9.6,5.2,0.317,3.32,25.25,0.07,26.46,0.15,10.2,0.1,10.97
5,P29,156,04/05/2018,05/05/2018,,11.3,6.64,161.7,10.58,0.045,0.022,0.017,9.8,2.6,0.37,3.76,28.12,0.07,22.33,,10.66,0.1,14.41
5,P1sup,3484,04/05/2018,05/05/2018,,10.1,6.69,242.0,11.09,0.04,0.024,0.018,5.2,5.5,0.18,3.47,26.23,0.07,27.97,0.13,14.32,0.12,32.37
5,P2sup,8951,04/05/2018,05/05/2018,,11.1,6.65,257.0,10.33,0.082,0.046,0.035,7.3,9.5,0.263,3.62,27.23,0.11,31.02,0.2,14.43,0.11,18.19
5,P3sup,25540,04/05/2018,05/05/2018,,11.2,6.67,258.0,10.74,0.069,0.034,0.022,6.3,6.7,0.22,3.47,26.26,0.09,29.69,0.15,12.41,0.11,34.46
5,YV2,30025,04/05/2018,05/05/2018,,12.5,6.63,250.0,10.43,0.062,0.039,0.024,6.4,6.9,0.227,3.56,26.83,0.08,28.73,0.15,12.33,0.11,30.78
6,P01,1262,05/06/2018,06/06/2018,,14.4,7.16,202.0,9.75,0.105,0.046,0.025,14.0,4.9,0.453,3.24,24.78,0.12,21.38,,12.83,,24.3
6,P02,553,05/06/2018,06/06/2018,,14.8,7.04,222.0,9.73,0.139,0.072,0.035,19.3,6.1,0.64,3.33,25.31,0.12,25.58,0.17,10.18,0.12,25.47
6,P03,629,05/06/2018,06/06/2018,,15.3,7.07,209.0,9.62,0.117,0.055,0.029,16.1,5.8,0.594,3.68,27.63,0.12,24.18,0.2,9.1,,23.95
6,P04,599,05/06/2018,06/06/2018,,17.3,7.44,235.0,9.33,0.175,0.041,0.02,11.5,9.3,0.378,3.29,25.07,0.11,23.73,0.26,10.86,0.1,26.71
6,P05,431,05/06/2018,06/06/2018,,16.3,7.37,270.0,9.45,0.174,0.093,0.058,11.8,9.5,0.399,3.38,25.65,0.09,25.83,0.34,14.62,0.1,34.68
6,P06,7239,05/06/2018,06/06/2018,,15.6,7.27,223.0,9.62,0.162,0.077,0.03,17.2,6.9,0.605,3.52,26.57,0.12,25.56,0.23,10.14,,23.49
6,P07,361,05/06/2018,06/06/2018,,14.9,7.07,352.0,9.68,0.08,0.04,0.019,14.0,7.0,0.505,3.59,27.07,0.08,34.97,0.27,13.65,0.14,73.45
6,P08,1279,05/06/2018,06/06/2018,,16.4,7.06,366.0,9.44,0.243,0.081,0.046,13.8,9.1,0.4,2.9,22.56,0.1,32.0,0.36,13.47,,75.07
6,P09,12044,05/06/2018,06/06/2018,,15.7,7.02,227.0,9.45,0.236,0.076,0.034,19.1,6.9,0.657,3.44,26.07,0.16,24.91,0.26,12.03,,22.92
6,P10,5326,05/06/2018,06/06/2018,,16.5,7.0,273.0,8.85,0.28,0.119,0.068,21.1,8.6,0.663,3.14,24.1,0.19,26.82,0.42,12.17,,34.19
6,P11,155,05/06/2018,06/06/2018,,15.3,6.78,261.0,9.4,0.267,0.138,0.104,11.9,7.4,0.31,2.6,20.59,0.08,31.14,0.33,13.07,0.1,28.39
6,P12,178,05/06/2018,06/06/2018,,14.2,5.4,172.0,9.7,0.062,0.032,0.018,31.2,0.6,1.108,3.55,26.8,0.07,23.56,,4.59,,3.58
6,P13,138,05/06/2018,06/06/2018,,17.1,6.6,121.7,9.29,0.059,0.027,0.014,8.4,3.1,0.229,2.73,21.45,0.08,22.04,,4.8,0.13,3.25
6,P14,181,05/06/2018,06/06/2018,,15.7,4.95,118.0,9.27,0.031,0.022,0.012,6.4,0.7,0.162,2.55,20.26,0.09,27.41,,4.8,0.09,1.31
6,P15,80,05/06/2018,06/06/2018,,13.7,5.13,101.6,8.23,0.024,0.016,0.01,4.4,2.0,0.093,2.11,17.4,0.1,22.93,,5.2,0.11,0.97
6,P16,500,05/06/2018,06/06/2018,,18.8,6.64,134.0,9.89,0.054,0.025,0.012,6.6,3.0,0.203,3.08,23.71,0.11,25.56,,5.22,0.09,3.67
6,P17,547,05/06/2018,06/06/2018,,16.1,7.07,271.0,9.27,0.127,0.054,0.026,8.6,9.1,0.23,2.67,21.04,0.12,26.47,0.23,13.82,0.09,35.32
6,P18,1439,05/06/2018,06/06/2018,,19.6,7.1,141.0,8.75,0.076,0.034,0.013,7.4,4.3,0.211,2.86,22.25,0.1,21.95,0.1,8.86,0.09,2.37
6,P19,587,05/06/2018,06/06/2018,,16.0,7.4,243.0,9.57,0.114,0.064,0.032,10.3,10.3,0.331,3.22,24.65,0.12,24.17,0.25,13.25,0.1,22.23
6,P20,933,05/06/2018,06/06/2018,,16.2,7.35,235.0,9.19,0.203,0.127,0.083,13.2,11.7,0.452,3.42,25.95,0.16,25.66,0.48,11.07,,10.34
6,P21,459,05/06/2018,06/06/2018,,16.1,6.98,297.0,8.88,0.111,0.081,0.049,11.2,14.1,0.356,3.19,24.43,0.14,34.81,0.25,12.66,0.13,20.41
6,P22,1092,05/06/2018,06/06/2018,,16.9,7.24,276.0,9.18,0.147,0.059,0.028,11.5,11.8,0.33,2.86,22.29,0.13,29.93,0.29,17.17,0.13,17.0
6,P23,458,05/06/2018,06/06/2018,,17.1,7.23,243.0,9.2,0.133,0.064,0.03,11.9,11.5,0.385,3.24,24.75,0.13,27.49,0.28,11.93,0.11,11.11
6,P24,145,05/06/2018,06/06/2018,,16.0,6.95,280.0,8.82,0.097,0.071,0.039,13.8,15.7,0.403,2.92,22.67,0.14,33.0,0.34,13.65,0.17,6.35
6,P25,414,05/06/2018,06/06/2018,,15.4,7.43,298.0,9.67,0.119,0.06,0.034,9.6,9.9,0.306,3.19,24.43,0.13,31.05,0.32,11.35,0.1,41.15
6,P26,113,05/06/2018,06/06/2018,,16.8,7.13,271.0,9.2,0.256,0.082,0.036,17.6,14.1,0.387,2.2,18.0,0.15,26.63,0.6,13.06,,14.89
6,P27,1390,05/06/2018,06/06/2018,,15.8,7.2,302.0,9.93,0.258,0.153,0.108,13.9,8.1,0.42,3.03,23.39,0.13,29.9,0.45,11.19,,50.77
6,P28,2363,05/06/2018,06/06/2018,,16.6,7.06,194.0,9.01,0.219,0.101,0.058,18.3,6.0,0.642,3.51,26.52,0.14,23.94,0.22,9.66,,12.24
6,P29,156,05/06/2018,06/06/2018,,15.1,6.97,157.0,9.73,0.098,0.019,0.027,16.1,2.7,0.622,3.87,28.85,0.11,21.44,,10.47,,12.13
6,P1sup,3484,05/06/2018,06/06/2018,,15.0,7.17,227.0,9.85,0.15,0.068,0.032,15.2,5.5,0.509,3.34,25.38,0.12,24.5,0.18,13.14,,27.66
6,P2sup,8951,05/06/2018,06/06/2018,,16.7,7.13,258.0,9.2,0.329,0.11,0.064,19.0,7.6,0.596,3.14,24.08,0.17,25.56,0.33,12.15,,31.0
6,P3sup,25540,05/06/2018,06/06/2018,,16.2,7.14,241.0,9.55,0.32,0.101,0.053,19.7,6.7,0.652,3.31,25.23,0.16,24.94,0.28,12.2,,29.21
6,YV2,30025,05/06/2018,06/06/2018,,16.6,7.24,220.0,9.38,0.42,0.124,0.058,19.1,6.4,0.636,3.33,25.35,0.15,22.43,0.26,10.78,,24.69
7,P01,1262,21/06/2018,22/06/2018,,15.2,7.03,187.0,9.72,0.038,0.02,0.016,5.5,5.9,0.172,3.11,23.94,0.06,21.8,0.14,14.67,0.13,12.66
7,P02,553,21/06/2018,22/06/2018,,15.4,7.11,222.0,9.78,0.057,0.035,0.023,6.7,6.5,0.251,3.74,28.0,0.06,26.14,0.19,8.68,0.13,30.25
7,P03,629,21/06/2018,22/06/2018,,14.7,7.21,238.0,9.92,0.047,0.034,0.023,7.7,5.5,0.291,3.79,28.31,0.08,27.56,0.11,7.61,0.12,40.46
7,P04,599,21/06/2018,22/06/2018,,15.9,7.52,249.0,9.83,0.11,0.028,0.016,8.8,9.1,0.299,3.38,25.66,0.12,26.62,0.19,9.45,0.11,29.73
7,P05,431,21/06/2018,22/06/2018,,16.6,7.41,295.0,9.01,0.131,0.052,0.034,6.2,10.3,0.193,3.12,23.97,0.12,28.01,0.25,14.01,0.12,42.75
7,P06,7239,21/06/2018,22/06/2018,,15.7,7.46,266.0,9.83,0.073,0.038,0.024,5.5,7.9,0.211,3.83,28.63,0.06,30.72,0.18,13.89,0.13,31.73
7,P07,361,21/06/2018,22/06/2018,,14.8,7.29,290.0,9.8,0.037,0.025,0.014,4.1,5.8,0.146,3.6,27.13,0.05,31.75,0.14,6.79,0.13,61.96
7,P08,1279,21/06/2018,22/06/2018,,16.2,7.35,296.0,9.65,0.089,0.036,0.026,5.3,10.5,0.163,3.08,23.73,0.1,30.22,0.25,13.08,0.12,40.4
7,P09,12044,21/06/2018,22/06/2018,,16.2,7.42,265.0,9.81,0.063,0.033,0.021,6.7,7.8,0.237,3.52,26.56,0.08,30.28,0.15,11.82,0.12,35.81
7,P10,5326,21/06/2018,22/06/2018,,17.3,7.2,250.0,9.06,0.103,0.052,0.035,11.7,9.2,0.369,3.17,24.28,0.11,27.31,0.25,13.44,0.11,23.18
7,P11,155,21/06/2018,22/06/2018,,15.4,6.53,236.0,9.4,0.089,0.038,0.03,3.9,4.8,0.095,2.45,19.64,0.1,28.19,0.12,11.45,0.09,38.18
7,P12,178,21/06/2018,22/06/2018,,15.5,5.98,129.0,9.51,0.039,0.02,0.014,14.4,1.0,0.561,3.91,29.12,,25.37,,5.24,0.1,6.92
7,P13,138,21/06/2018,22/06/2018,,15.7,6.32,159.0,9.1,0.033,0.021,0.016,6.5,4.3,0.191,2.95,22.88,0.06,21.82,0.09,7.27,0.11,16.64
7,P14,181,21/06/2018,22/06/2018,,16.8,4.92,106.0,9.14,0.018,0.011,0.011,6.3,1.0,0.146,2.32,18.73,0.06,23.93,,5.46,0.09,0.9
7,P15,80,21/06/2018,22/06/2018,,14.5,5.06,104.0,8.0,0.014,0.009,0.011,4.4,1.4,0.088,1.97,16.48,0.08,22.93,,6.33,0.09,0.85
7,P16,500,21/06/2018,22/06/2018,,17.9,6.33,129.0,9.08,0.025,0.014,0.012,8.0,1.7,0.225,2.82,22.01,0.07,21.6,,6.53,0.08,10.31
7,P17,547,21/06/2018,22/06/2018,,16.2,7.03,233.0,9.74,0.094,0.026,0.02,3.9,5.8,0.118,3.06,23.59,0.09,24.7,0.13,11.32,0.09,35.87
7,P18,1439,21/06/2018,22/06/2018,,18.5,6.89,140.0,9.0,0.042,0.029,0.016,8.5,2.6,0.274,3.21,24.58,0.1,19.52,,11.85,0.08,8.77
7,P19,587,21/06/2018,22/06/2018,,16.4,7.38,246.0,9.7,0.063,0.034,0.019,5.7,7.0,0.166,2.9,22.53,0.11,24.25,0.15,11.85,0.1,38.27
7,P20,933,21/06/2018,22/06/2018,,16.3,7.35,233.0,9.55,0.127,0.083,0.062,9.1,10.0,0.298,3.29,25.06,0.11,23.72,0.22,11.81,0.11,18.42
7,P21,459,21/06/2018,22/06/2018,,16.5,7.22,293.0,9.17,0.072,0.049,0.036,7.2,11.2,0.21,2.94,22.81,0.1,33.09,0.21,14.13,0.15,30.48
7,P22,1092,21/06/2018,22/06/2018,,17.6,7.13,301.0,9.39,0.085,0.044,0.027,7.7,10.2,0.242,3.13,24.04,0.11,30.74,0.27,22.0,0.14,31.45
7,P23,458,21/06/2018,22/06/2018,,17.3,7.33,252.0,9.55,0.051,0.037,0.021,5.9,9.9,0.192,3.27,24.93,0.12,27.62,0.23,13.78,0.13,22.37
7,P24,145,21/06/2018,22/06/2018,,17.0,7.0,311.0,9.02,0.044,0.033,0.023,5.7,9.4,0.174,3.07,23.62,0.09,36.79,0.14,17.74,0.14,34.84
7,P25,414,21/06/2018,22/06/2018,,15.9,7.32,284.0,9.8,0.058,0.039,0.025,4.2,8.4,0.13,3.11,23.92,0.12,30.59,0.15,10.24,0.12,45.11
7,P26,113,21/06/2018,22/06/2018,,16.7,6.91,294.0,9.1,0.064,0.043,0.026,7.2,10.3,0.194,2.69,21.18,0.08,22.39,0.29,16.7,0.13,50.65
7,P27,1390,21/06/2018,22/06/2018,,15.5,7.22,281.0,9.74,0.16,0.109,0.09,4.8,8.1,0.152,3.16,24.2,0.1,30.74,0.15,10.92,0.12,43.26
7,P28,2363,21/06/2018,22/06/2018,,17.2,7.14,189.0,9.15,0.11,0.063,0.042,13.0,5.4,0.429,3.3,25.13,0.07,22.86,0.17,10.45,0.1,16.75
7,P29,156,21/06/2018,22/06/2018,,15.4,7.19,172.0,9.84,0.046,0.026,0.018,9.3,3.9,0.342,3.7,27.73,0.06,17.97,,11.72,0.1,22.8
7,P1sup,3484,21/06/2018,22/06/2018,,15.5,7.36,267.0,9.85,0.063,0.037,0.025,5.6,7.3,0.186,3.33,25.35,0.08,31.61,0.18,15.53,0.13,29.85
7,P2sup,8951,21/06/2018,22/06/2018,,17.2,7.3,266.0,9.25,0.102,0.059,0.038,9.7,9.9,0.313,3.23,24.7,0.11,28.04,0.2,15.54,0.11,25.3
7,P3sup,25540,21/06/2018,22/06/2018,,17.0,7.36,268.0,9.37,0.093,0.048,0.033,7.7,9.1,0.264,3.43,26.01,0.1,28.93,0.17,13.69,0.12,31.0
7,YV2,30025,21/06/2018,22/06/2018,,17.7,7.43,262.0,9.43,0.097,0.047,0.032,7.9,8.9,0.263,3.32,25.29,0.1,28.43,0.15,13.87,0.11,29.35
8,P01,1262,24/07/2018,25/07/2018,LF,17.4,6.85,232.0,8.63,0.038,0.022,0.013,3.5,6.6,0.093,2.67,21.03,0.08,25.8,0.31,25.0,0.13,11.6
8,P02,553,24/07/2018,25/07/2018,VLF,18.6,6.74,246.0,7.43,0.064,0.029,0.02,3.4,9.0,0.127,3.72,27.86,0.07,26.0,0.45,11.3,0.11,31.9
8,P03,629,24/07/2018,25/07/2018,LF,17.5,7.04,286.0,8.78,0.039,0.026,0.02,2.4,3.1,0.091,3.75,28.1,0.06,37.9,0.16,3.9,0.11,62.2
8,P04,599,24/07/2018,25/07/2018,F,18.2,7.73,275.0,9.01,0.176,0.058,0.04,7.4,10.3,0.239,3.23,24.66,0.1,29.6,0.41,7.8,0.1,33.7
8,P05,431,24/07/2018,25/07/2018,LF,19.4,7.52,305.0,8.42,0.155,0.064,0.045,4.5,10.0,0.139,3.09,23.76,0.07,31.0,0.42,14.4,0.11,40.8
8,P06,7239,24/07/2018,25/07/2018,LF,18.3,7.44,289.0,8.63,0.07,0.035,0.022,5.2,9.9,0.179,3.43,26.01,0.08,32.6,0.4,11.2,0.1,35.5
8,P07,361,24/07/2018,25/07/2018,F,17.9,7.41,280.0,8.99,0.043,0.024,0.017,3.4,5.6,0.101,3.01,23.27,0.06,30.8,0.29,6.1,0.12,58.5
8,P08,1279,24/07/2018,25/07/2018,LF,19.3,7.52,299.0,8.7,0.098,0.046,0.035,4.3,11.0,0.135,3.15,24.17,0.1,32.8,0.44,13.3,0.12,32.9
8,P09,12044,24/07/2018,25/07/2018,F,19.4,7.45,309.0,9.04,0.053,0.03,0.018,5.3,8.8,0.144,2.71,21.27,0.06,37.4,0.39,13.5,0.11,37.3
8,P10,5326,24/07/2018,25/07/2018,LF,20.8,7.26,302.0,7.19,0.112,0.061,0.044,7.7,17.6,0.275,3.56,26.84,0.12,32.6,0.59,13.5,0.11,9.7
8,P11,155,24/07/2018,25/07/2018,VLF,21.3,7.23,224.0,8.45,0.593,0.088,0.073,4.4,7.0,0.118,2.72,21.36,0.1,29.0,0.44,8.1,0.1,19.6
8,P12,178,24/07/2018,25/07/2018,VLF,22.3,6.51,174.5,6.54,0.036,0.031,0.019,10.5,5.6,0.421,4.03,29.88,0.08,24.7,0.17,7.4,0.14,10.3
8,P13,138,24/07/2018,25/07/2018,VLF,18.2,6.27,232.0,6.64,0.048,0.037,0.032,1.7,9.2,0.043,2.47,19.72,0.07,21.1,0.36,11.9,0.09,37.7
8,P14,181,24/07/2018,25/07/2018,NFR,,,,,,,,,,,,,,,,,,
8,P15,80,24/07/2018,25/07/2018,VLF,20.1,5.99,97.0,8.58,0.027,0.022,0.016,5.5,0.9,0.196,3.58,26.99,0.08,23.3,,2.2,0.14,0.6
8,P16,500,24/07/2018,25/07/2018,LF,21.6,6.87,163.2,7.52,0.042,0.025,0.017,6.8,6.2,0.188,2.77,21.68,0.14,23.9,0.33,5.9,0.1,5.3
8,P17,547,24/07/2018,25/07/2018,LF,23.9,7.21,244.0,8.81,0.087,0.05,0.036,4.3,7.4,0.147,3.4,25.78,0.1,26.8,0.4,10.8,0.09,30.8
8,P18,1439,24/07/2018,25/07/2018,LF,22.2,7.14,165.3,8.11,0.049,0.033,0.022,6.5,6.6,0.199,3.07,23.64,0.12,22.1,0.33,9.8,0.09,4.8
8,P19,587,24/07/2018,25/07/2018,F,20.9,7.47,254.0,8.55,0.106,0.084,0.063,7.2,9.3,0.201,2.78,21.77,0.12,25.4,0.4,12.1,0.1,31.0
8,P20,933,24/07/2018,25/07/2018,NF,,,,,,,,,,,,,,,,,,
8,P21,459,24/07/2018,25/07/2018,,,,,,,,,,,,,,,,,,,
8,P22,1092,24/07/2018,25/07/2018,LF,22.6,6.99,336.0,7.88,0.084,0.037,0.023,3.8,9.4,0.115,3.02,23.3,0.1,36.2,0.49,20.6,0.13,45.5
8,P23,458,24/07/2018,25/07/2018,NFR,,,,,,,,,,,,,,,,,,
8,P24,145,24/07/2018,25/07/2018,NF,,,,,,,,,,,,,,,,,,
8,P25,414,24/07/2018,25/07/2018,LF,20.2,7.46,280.0,8.82,0.082,0.055,0.04,4.2,7.7,0.129,3.07,23.62,0.12,32.1,0.35,9.7,0.1,43.6
8,P26,113,24/07/2018,25/07/2018,NFR,,,,,,,,,,,,,,,,,,
8,P27,1390,24/07/2018,25/07/2018,F,18.8,7.3,296.0,8.88,0.189,0.144,0.126,5.5,9.1,0.124,2.24,18.22,0.1,34.6,0.39,12.5,0.11,37.3
8,P28,2363,24/07/2018,25/07/2018,LF,20.7,7.31,207.0,8.21,0.283,0.176,0.147,9.4,7.2,0.333,3.54,26.72,0.08,28.7,0.36,7.0,0.11,12.0
8,P29,156,24/07/2018,25/07/2018,NFR,,,,,,,,,,,,,,,,,,
8,P1sup,3484,24/07/2018,25/07/2018,F,18.7,7.39,326.0,8.62,0.063,0.039,0.027,5.1,8.7,0.121,2.39,19.23,0.05,41.4,0.33,18.3,0.12,35.7
8,P2sup,8951,24/07/2018,25/07/2018,LF,20.6,7.39,335.0,7.8,0.109,0.085,0.048,10.3,18.7,0.23,2.23,18.15,0.11,35.8,0.51,20.2,0.11,8.7
8,P3sup,25540,24/07/2018,25/07/2018,F,20.1,7.47,308.0,8.21,0.089,0.052,0.034,6.2,12.8,0.179,2.87,22.37,0.09,35.8,0.41,14.5,0.1,26.5
8,YV2,30025,24/07/2018,25/07/2018,F,21.8,7.45,298.0,8.06,0.087,0.056,0.042,6.4,12.4,0.185,2.9,22.55,0.08,34.5,0.44,14.5,0.11,21.7
9,P01,1262,04/09/2018,06/09/2018,VLF,,,,,0.041,0.024,0.016,3.0,6.917,0.0725,2.4,19.27,0.076,27.4,0.364,28.8,0.129,12.6
9,P02,553,04/09/2018,06/09/2018,VLF,,,,,0.039,0.023,0.012,2.5,8.055,0.0682,2.71,21.31,0.073,25.4,0.434,8.4,0.12,32.9
9,P03,629,04/09/2018,06/09/2018,NF,,,,,,,,,,,,,,,,,,
9,P04,599,04/09/2018,06/09/2018,LF,,,,,0.115,0.049,0.033,6.6,12.4,0.2032,3.08,23.68,0.089,30.3,0.371,5.9,0.09,33.3
9,P05,431,04/09/2018,06/09/2018,VLF,,,,,0.091,0.045,0.034,5.0,10.14,0.1143,2.27,18.45,0.064,30.8,0.386,14.2,0.114,41.8
9,P06,7239,04/09/2018,06/09/2018,VLF,,,,,0.151,0.05,0.03,6.6,12.8,0.1787,2.72,21.35,0.07,35.3,0.43,12.1,0.104,25.0
9,P07,361,04/09/2018,06/09/2018,LF,,,,,0.029,0.015,0.015,2.8,5.732,0.0773,2.78,21.79,0.048,29.4,0.274,5.8,0.119,56.3
9,P08,1279,04/09/2018,06/09/2018,VLF,,,,,0.102,0.039,0.032,5.6,16.64,0.1495,2.67,21.05,0.108,32.3,0.504,13.3,0.128,16.8
9,P09,12044,04/09/2018,06/09/2018,VLF,,,,,0.053,0.028,0.018,6.3,13.64,0.1704,2.72,21.37,0.113,36.9,0.446,13.2,0.108,18.7
9,P10,5326,04/09/2018,06/09/2018,VLF,,,,,0.103,0.053,0.041,6.5,20.77,0.2473,3.79,28.33,0.104,30.7,0.621,12.4,0.115,4.0
9,P11,155,04/09/2018,06/09/2018,VLF,,,,,0.336,0.113,0.098,4.6,8.545,0.1174,2.53,20.13,0.105,28.4,0.44,6.9,0.086,13.6
9,P12,178,04/09/2018,06/09/2018,NF,,,,,,,,,,,,,,,,,,
9,P13,138,04/09/2018,06/09/2018,VVLF,,,,,0.056,0.041,0.041,1.4,8.9,0.0108,0.76,8.59,0.092,21.8,0.359,12.7,0.092,41.3
9,P14,181,04/09/2018,06/09/2018,NF,,,,,,,,,,,,,,,,,,
9,P15,80,04/09/2018,06/09/2018,NF,,,,,,,,,,,,,,,,,,
9,P16,500,04/09/2018,06/09/2018,VLF,,,,,0.065,0.029,0.028,6.4,11.42,0.1485,2.33,18.81,0.195,26.0,0.493,7.8,0.115,3.7
9,P17,547,04/09/2018,06/09/2018,NF,,,,,,,,,,,,,,,,,,
9,P18,1439,04/09/2018,06/09/2018,VLF,,,,,0.032,0.02,0.023,5.6,8.152,0.1369,2.44,19.52,0.14,22.2,0.37,11.3,0.096,7.9
9,P19,587,04/09/2018,06/09/2018,NF,,,,,,,,,,,,,,,,,,
9,P20,933,04/09/2018,06/09/2018,NF,,,,,,,,,,,,,,,,,,
9,P21,459,04/09/2018,06/09/2018,,,,,,,,,,,,,,,,,,,
9,P22,1092,04/09/2018,06/09/2018,VLF,,,,,0.058,0.026,0.022,9.5,14.42,0.1249,1.31,12.2,0.129,37.5,0.315,17.6,0.141,29.4
9,P23,458,04/09/2018,06/09/2018,NF,,,,,,,,,,,,,,,,,,
9,P24,145,04/09/2018,06/09/2018,NF,,,,,,,,,,,,,,,,,,
9,P25,414,04/09/2018,06/09/2018,NF,,,,,,,,,,,,,,,,,,
9,P26,113,04/09/2018,06/09/2018,NF,,,,,,,,,,,,,,,,,,
9,P27,1390,04/09/2018,06/09/2018,VLF,,,,,0.149,0.107,0.102,5.4,11.44,0.1259,2.33,18.81,,,,,,
9,P28,2363,04/09/2018,06/09/2018,VLF,,,,,0.24,0.166,0.16,6.7,4.434,0.2305,3.44,26.08,0.151,36.7,0.391,12.9,0.111,28.7
9,P29,156,04/09/2018,06/09/2018,NF,,,,,,,,,,,,,0.061,24.0,0.223,4.6,0.096,5.7
9,P1sup,3484,04/09/2018,06/09/2018,VLF,,,,,0.056,0.035,0.042,2.9,10.19,0.0771,2.67,21.01,,,,,,
9,P2sup,8951,04/09/2018,06/09/2018,LF,,,,,0.107,0.054,0.055,6.5,23.14,0.2564,3.96,29.45,0.067,38.4,0.383,13.8,0.12,32.4
9,P3sup,25540,04/09/2018,06/09/2018,LF,,,,,0.077,0.044,0.046,7.5,19.0,0.2101,2.8,21.89,0.166,31.5,0.642,13.9,0.178,1.6
9,YV2,30025,04/09/2018,06/09/2018,LF,,,,,0.076,0.048,0.051,8.3,17.5,0.2338,2.81,21.93,0.161,35.7,0.525,12.3,0.12,6.3
10,P01,1262,18/09/2018,19/09/2018,VLF,15.7,6.74,246.0,8.35,0.053,0.02,0.018,3.3,7.9,0.059,1.8,15.35,0.06,28.05,0.34,32.21,0.13,6.8
10,P02,553,18/09/2018,19/09/2018,VLF,14.3,6.4,231.0,7.3,0.049,0.019,0.014,3.2,11.9,0.098,3.09,23.79,0.1,25.15,0.51,8.14,0.13,26.68
10,P03,629,18/09/2018,19/09/2018,NF,,,,,,,,,,,,,,,,,,
10,P04,599,18/09/2018,19/09/2018,LF,15.3,7.48,285.0,9.48,0.122,0.047,0.034,7.5,12.7,0.196,2.61,20.63,0.11,30.59,0.45,5.41,0.09,32.63
10,P05,431,18/09/2018,19/09/2018,VLF,16.3,7.5,303.0,9.3,0.081,0.046,0.027,5.3,11.3,0.126,2.38,19.14,0.08,31.49,0.43,14.68,0.11,34.09
10,P06,7239,18/09/2018,19/09/2018,VLF,15.7,7.3,305.0,8.3,0.087,0.038,0.018,8.3,14.6,0.217,2.61,20.64,0.09,34.58,0.53,12.06,0.11,19.55
10,P07,361,18/09/2018,19/09/2018,LF,15.7,7.24,265.0,9.55,0.033,0.015,0.013,3.7,5.3,0.098,2.69,21.15,0.07,28.86,0.25,5.93,0.11,56.36
10,P08,1279,18/09/2018,19/09/2018,VLF,16.6,7.44,326.0,8.64,0.115,0.037,0.027,5.4,19.8,0.173,3.19,24.42,0.19,32.15,0.64,15.28,0.13,12.39
10,P09,12044,18/09/2018,19/09/2018,NFR,15.5,7.22,390.0,8.07,,,,,,,,,,,,,,
10,P10,5326,18/09/2018,19/09/2018,VLF,16.5,7.16,321.0,7.11,0.088,0.054,0.038,6.1,23.5,0.225,3.67,27.53,0.13,29.8,0.69,12.95,0.12,3.05
10,P11,155,18/09/2018,19/09/2018,VLF,18.1,7.32,223.0,8.79,0.527,0.162,0.121,6.8,10.3,0.181,2.67,21.07,0.13,28.73,0.75,7.0,0.09,9.55
10,P12,178,18/09/2018,19/09/2018,NF,,,,,,,,,,,,,,,,,,
10,P13,138,18/09/2018,19/09/2018,VVLF,15.4,6.13,243.0,7.83,0.056,0.043,0.041,1.7,10.9,0.01,0.61,7.6,0.09,22.2,0.33,12.72,0.09,39.52
10,P14,181,18/09/2018,19/09/2018,NF,,,,,,,,,,,,,,,,,,
10,P15,80,18/09/2018,19/09/2018,NF,,,,,,,,,,,,,,,,,,
10,P16,500,18/09/2018,19/09/2018,VLF,17.4,7.07,231.0,7.7,0.062,0.033,0.023,6.9,13.9,0.186,2.72,21.34,0.22,26.5,0.56,7.73,0.11,2.6
10,P17,547,18/09/2018,19/09/2018,NF,,,,,,,,,,,,,,,,,,
10,P18,1439,18/09/2018,19/09/2018,VLF,16.4,7.16,173.3,8.92,0.035,0.021,0.016,7.1,7.5,0.165,2.32,18.78,0.11,23.22,0.33,10.33,0.11,2.87
10,P19,587,18/09/2018,19/09/2018,NF,,,,,,,,,,,,,,,,,,
10,P20,933,18/09/2018,19/09/2018,NF,,,,,,,,,,,,,,,,,,
10,P21,459,18/09/2018,19/09/2018,NF,,,,,,,,,,,,,,,,,,
10,P22,1092,18/09/2018,19/09/2018,VVLF,17.6,7.19,313.0,8.8,0.072,0.026,0.02,5.6,16.0,0.123,2.21,18.06,0.13,32.03,0.59,15.69,0.13,20.86
10,P23,458,18/09/2018,19/09/2018,NF,,,,,,,,,,,,,,,,,,
10,P24,145,18/09/2018,19/09/2018,NF,,,,,,,,,,,,,,,,,,
10,P25,414,18/09/2018,19/09/2018,NF,,,,,,,,,,,,,,,,,,
10,P26,113,18/09/2018,19/09/2018,NF,,,,,,,,,,,,,,,,,,
10,P27,1390,18/09/2018,19/09/2018,VLF,16.4,7.44,317.0,9.18,0.146,0.102,0.084,6.7,12.8,0.138,2.07,17.11,0.16,38.87,0.42,12.96,0.11,24.21
10,P28,2363,18/09/2018,19/09/2018,VLF,16.9,7.1,161.6,9.06,0.306,0.193,0.167,7.4,4.6,0.248,3.35,25.46,0.03,25.51,0.23,5.41,0.09,7.77
10,P29,156,18/09/2018,19/09/2018,NF,,,,,,,,,,,,,,,,,,
10,P1sup,3484,18/09/2018,19/09/2018,VLF,14.9,7.16,292.0,8.93,0.083,0.036,0.025,5.5,11.9,0.121,2.2,17.95,0.14,39.01,0.5,10.12,0.13,18.65
10,P2sup,8951,18/09/2018,19/09/2018,LF,16.5,7.38,400.0,8.22,0.133,0.051,0.033,7.8,25.2,0.27,3.47,26.23,0.15,41.11,0.65,23.04,0.15,1.17
10,P3sup,25540,18/09/2018,19/09/2018,VLF,16.4,7.36,330.0,7.75,0.085,0.043,0.03,6.9,23.4,0.26,3.77,28.24,0.14,35.45,0.65,9.86,0.13,1.69
10,YV2,30025,18/09/2018,19/09/2018,VLF,17.5,7.45,303.0,8.6,0.076,0.048,0.034,8.2,18.8,0.232,2.84,22.15,0.12,34.05,0.57,11.08,0.12,2.33
11,P01,1262,02/10/2018,05/10/2018,NFR,,,,,,,,,,,,,,,,,,
11,P02,553,02/10/2018,05/10/2018,NFR,,,,,,,,,,,,,,,,,,
11,P03,629,02/10/2018,05/10/2018,NFR,,,,,,,,,,,,,,,,,,
11,P04,599,02/10/2018,05/10/2018,LF,9.8,7.55,294.0,10.83,0.0825,0.0511,0.0285,6.7,13.42,0.1862,2.78,21.76,0.09,31.09,0.46,5.43,0.1,34.65
11,P05,431,02/10/2018,05/10/2018,VLF,10.2,7.61,308.0,11.0,0.0569,0.047,0.0315,3.78,10.67,0.1108,2.93,22.75,0.1,31.37,0.4,14.72,0.11,40.1
11,P06,7239,02/10/2018,05/10/2018,NFR,,,,,,,,,,,,,,,,,,
11,P07,361,02/10/2018,05/10/2018,VLF,9.1,7.24,267.0,11.11,0.0229,0.0148,0.0129,2.84,5.21,0.0906,3.19,24.4,0.08,28.89,0.21,6.0,0.12,57.72
11,P08,1279,02/10/2018,05/10/2018,VVLF,9.0,7.41,339.0,9.3,0.1216,0.0297,0.0187,4.5,22.32,0.1975,4.39,32.22,0.2,30.8,0.71,16.79,0.13,10.48
11,P09,12044,02/10/2018,05/10/2018,NF,,,,,,,,,,,,,,,,,,
11,P10,5326,02/10/2018,05/10/2018,VLF,10.8,7.2,340.0,7.7,0.0668,0.0448,0.0318,4.38,26.29,0.2265,5.17,37.32,0.04,32.11,0.71,12.5,0.12,1.92
11,P11,155,02/10/2018,05/10/2018,IPS,,,,,,,,,,,,,,,,,,
11,P12,178,02/10/2018,05/10/2018,NF,,,,,,,,,,,,,,,,,,
11,P13,138,02/10/2018,05/10/2018,VVLF,13.4,6.18,244.0,6.47,0.0402,0.0362,0.034,0.27,11.22,0.0117,4.29,31.62,0.1,22.47,0.38,12.71,0.1,37.73
11,P14,181,02/10/2018,05/10/2018,NF,,,,,,,,,,,,,,,,,,
11,P15,80,02/10/2018,05/10/2018,NF,,,,,,,,,,,,,,,,,,
11,P16,500,02/10/2018,05/10/2018,VVLF,11.6,7.17,233.0,8.42,0.0436,0.0297,0.0202,4.69,14.21,0.1737,3.7,27.77,0.19,27.27,0.56,8.51,0.11,2.67
11,P17,547,02/10/2018,05/10/2018,NF,,,,,,,,,,,,,,,,,,
11,P18,1439,02/10/2018,05/10/2018,VLF,9.8,6.986,187.0,10.7,0.0244,0.0179,0.0124,5.3,9.37,0.1581,2.98,23.08,0.15,23.77,0.35,10.0,0.1,4.16
11,P19,587,02/10/2018,05/10/2018,NF,,,,,,,,,,,,,,,,,,
11,P20,933,02/10/2018,05/10/2018,NF,,,,,,,,,,,,,,,,,,
11,P21,459,02/10/2018,05/10/2018,NF,,,,,,,,,,,,,,,,,,
11,P22,1092,02/10/2018,05/10/2018,NFR,,,,,,,,,,,,,,,,,,
11,P23,458,02/10/2018,05/10/2018,NF,,,,,,,,,,,,,,,,,,
11,P24,145,02/10/2018,05/10/2018,NF,,,,,,,,,,,,,,,,,,
11,P25,414,02/10/2018,05/10/2018,NF,,,,,,,,,,,,,,,,,,
11,P26,113,02/10/2018,05/10/2018,NF,,,,,,,,,,,,,,,,,,
11,P27,1390,02/10/2018,05/10/2018,VVLF,9.5,7.44,338.0,10.6,0.1022,0.0864,0.0657,5.0,14.06,0.1414,2.83,22.06,0.1,42.19,0.46,12.58,0.11,24.76
11,P28,2363,02/10/2018,05/10/2018,VVLF,10.3,7.21,178.0,10.42,0.2925,0.2049,0.1769,5.4,5.46,0.2123,3.93,29.29,,26.53,0.33,6.21,0.11,10.71
11,P29,156,02/10/2018,05/10/2018,NF,,,,,,,,,,,,,,,,,,
11,P1sup,3484,02/10/2018,05/10/2018,VVLF,9.6,7.07,278.0,8.82,0.0834,0.0371,0.0197,4.18,13.29,0.1367,3.27,24.97,0.1,37.72,0.54,7.24,0.12,13.24
11,P2sup,8951,02/10/2018,05/10/2018,VVLF,10.5,7.3,455.0,7.53,0.143,0.0515,0.0325,6.11,28.96,0.2939,4.81,35.0,0.17,45.84,0.76,27.53,0.16,0.92
11,P3sup,25540,02/10/2018,05/10/2018,VVLF,9.9,7.36,356.0,8.88,0.0787,0.0251,0.0222,6.12,26.16,0.2809,4.59,33.54,0.16,35.94,0.72,7.59,0.18,1.67
11,YV2,30025,02/10/2018,05/10/2018,VVLF,11.1,7.74,319.0,10.7,0.0582,0.0421,0.0262,4.72,21.45,0.2395,5.08,36.74,0.11,35.42,0.6,9.55,0.13,0.75
12,P01,1262,18/10/2018,19/10/2018,VLF,13.0,6.66,285.0,6.26,0.2313,0.0357,0.0195,9.46,15.81,0.2983,3.15,24.2,0.04,26.0,0.59,27.3,0.12,1.5
12,P02,553,18/10/2018,19/10/2018,NF,,,,,,,,,,,,,,,,,,
12,P03,629,18/10/2018,19/10/2018,NF,,,,,,,,,,,,,,,,,,
12,P04,599,18/10/2018,19/10/2018,LF,13.3,7.54,283.0,9.9,0.1034,0.0361,0.0236,6.47,15.28,0.2366,3.66,27.48,0.11,29.7,0.47,5.6,0.06,23.5
12,P05,431,18/10/2018,19/10/2018,LF,3.6,7.47,301.0,9.8,0.0935,0.0504,0.0322,4.79,11.11,0.1584,3.3,25.17,0.08,31.0,0.39,14.9,0.11,35.3
12,P06,7239,18/10/2018,19/10/2018,NFR,,,,,,,,,,,,,,,,,,
12,P07,361,18/10/2018,19/10/2018,VLF,13.5,7.2,278.0,9.35,0.0301,0.0151,0.012,4.84,6.04,0.1837,3.79,28.37,0.06,32.7,0.24,9.7,0.12,49.4
12,P08,1279,18/10/2018,19/10/2018,VLF,13.9,7.41,304.0,9.27,0.3712,0.0974,0.0253,6.64,19.6,0.2282,3.44,26.05,0.14,30.8,0.54,12.5,0.12,7.7
12,P09,12044,18/10/2018,19/10/2018,VLF,13.8,7.3,289.0,9.08,0.0679,0.028,0.0127,8.99,17.33,0.2863,3.18,24.39,0.1,32.5,0.46,11.2,0.09,5.3
12,P10,5326,18/10/2018,19/10/2018,VLF,14.2,7.06,264.0,7.0,0.1655,0.0831,0.062,8.37,16.25,0.2909,3.47,26.28,0.11,29.2,0.46,12.5,0.1,2.0
12,P11,155,18/10/2018,19/10/2018,VLF,14.7,7.33,228.0,9.7,0.2862,0.1037,0.076,6.16,11.33,0.1986,3.23,24.66,0.12,28.3,0.46,6.5,0.09,7.3
12,P12,178,18/10/2018,19/10/2018,NF,,,,,,,,,,,,,,,,,,
12,P13,138,18/10/2018,19/10/2018,VLF,14.1,6.32,228.0,6.6,0.1043,0.0922,0.0749,2.18,12.62,0.0584,2.68,21.12,0.08,23.9,0.37,12.4,0.1,25.0
12,P14,181,18/10/2018,19/10/2018,NF,,,,,,,,,,,,,,,,,,
12,P15,80,18/10/2018,19/10/2018,NF,,,,,,,,,,,,,,,,,,
12,P16,500,18/10/2018,19/10/2018,VLF,14.2,7.12,218.0,8.5,0.0513,0.0254,0.0155,5.13,13.36,0.1641,3.2,24.47,0.18,26.3,0.4,8.3,0.1,2.1
12,P17,547,18/10/2018,19/10/2018,NF,,,,,,,,,,,,,,,,,,
12,P18,1439,18/10/2018,19/10/2018,VLF,13.9,6.87,184.0,8.9,0.0341,0.0277,0.0146,5.48,8.11,0.1662,3.03,23.39,0.12,22.9,0.3,12.1,0.1,5.3
12,P19,587,18/10/2018,19/10/2018,NF,,,,,,,,,,,,,,,,,,
12,P20,933,18/10/2018,19/10/2018,NF,,,,,,,,,,,,,,,,,,
12,P21,459,18/10/2018,19/10/2018,NF,,,,,,,,,,,,,,,,,,
12,P22,1092,18/10/2018,19/10/2018,NFR,,,,,,,,,,,,,,,,,,
12,P23,458,18/10/2018,19/10/2018,NF,,,,,,,,,,,,,,,,,,
12,P24,145,18/10/2018,19/10/2018,NF,,,,,,,,,,,,,,,,,,
12,P25,414,18/10/2018,19/10/2018,NF,,,,,,,,,,,,,,,,,,
12,P26,113,18/10/2018,19/10/2018,NF,,,,,,,,,,,,,,,,,,
12,P27,1390,18/10/2018,19/10/2018,VLF,14.0,7.34,377.0,8.96,0.3439,0.3154,0.2806,8.46,14.67,0.2137,2.53,20.11,0.13,48.3,0.48,15.4,0.12,27.3
12,P28,2363,18/10/2018,19/10/2018,VLF,14.2,7.13,160.0,9.3,0.2481,0.1702,0.1404,7.0,4.98,0.2438,3.48,26.34,0.07,23.9,0.14,7.4,0.09,6.0
12,P29,156,18/10/2018,19/10/2018,VLF,13.8,6.66,175.0,9.11,0.0519,0.029,0.0194,8.52,3.05,0.3313,3.89,28.97,0.07,27.9,0.12,16.5,0.1,3.1
12,P1sup,3484,18/10/2018,19/10/2018,LF,13.3,7.3,388.0,7.99,0.0836,0.0502,0.0265,9.98,13.58,0.2687,2.69,21.18,0.07,55.5,0.39,15.3,0.12,2.4
12,P2sup,8951,18/10/2018,19/10/2018,VLF,13.8,7.17,354.0,7.41,0.1611,0.0952,0.0164,7.46,20.1,0.2726,3.66,27.47,0.1,34.0,0.43,26.1,0.12,1.1
12,P3sup,25540,18/10/2018,19/10/2018,VLF,14.0,7.29,317.0,8.02,0.0962,0.0643,0.025,5.9,20.71,0.3044,5.16,37.29,0.1,33.5,0.41,21.7,0.1,1.3
12,YV2,30025,18/10/2018,19/10/2018,VLF,15.0,7.09,255.0,7.7,0.1052,0.0736,0.0414,7.35,18.78,0.3136,4.26,31.43,0.09,27.4,0.48,17.4,0.11,4.3
13,P01,1262,06/11/2018,07/11/2018,VVLF,8.9,6.8,277.0,8.2,0.0686,0.0264,0.0151,6.03,15.17,0.2335,3.88,28.9,0.044,29.9,0.418,23.6,0.1587,1.8
13,P02,553,06/11/2018,07/11/2018,NF,,,,,,,,,,,,,,,,,,
13,P03,629,06/11/2018,07/11/2018,NF,,,,,,,,,,,,,,,,,,
13,P04,599,06/11/2018,07/11/2018,VVLF,9.2,7.61,287.0,10.8,0.0675,0.0331,0.0181,5.03,13.82,0.1782,3.54,26.73,0.031,31.2,0.385,6.4,0.0788,30.8
13,P05,431,06/11/2018,07/11/2018,VVLF,9.6,7.49,315.0,10.4,0.1131,0.0421,0.0255,3.4,10.75,0.1111,3.27,24.95,0.021,32.0,0.388,15.0,0.114,43.2
13,P06,7239,06/11/2018,07/11/2018,NF,,,,,,,,,,,,,,,,,,
13,P07,361,06/11/2018,07/11/2018,VVLF,9.9,7.28,274.0,10.4,0.0348,0.0208,0.0134,3.26,5.29,0.1334,4.1,30.33,0.02,31.5,0.197,8.4,0.1176,53.5
13,P08,1279,06/11/2018,07/11/2018,VVLF,9.6,7.4,315.0,9.6,0.065,0.0328,0.0165,3.54,16.99,0.1296,3.66,27.48,0.044,32.6,0.502,15.7,0.1224,19.4
13,P09,12044,06/11/2018,07/11/2018,VLF,9.2,7.43,352.0,10.15,0.0503,0.0475,0.0142,6.6,17.07,0.1915,2.9,22.56,0.025,46.7,0.423,14.8,0.1104,13.7
13,P10,5326,06/11/2018,07/11/2018,VLF,9.6,7.13,268.0,7.9,0.1606,0.0637,0.0425,6.0,17.01,0.2125,3.54,26.71,0.024,30.1,0.517,11.9,0.1084,4.2
13,P11,155,06/11/2018,07/11/2018,VLF,11.1,7.38,222.0,10.1,0.2546,0.0868,0.0625,4.91,10.59,0.1528,3.11,23.9,0.023,29.5,0.398,7.3,0.0893,7.7
13,P12,178,06/11/2018,07/11/2018,NF,,,,,,,,,,,,,,,,,,
13,P13,138,06/11/2018,07/11/2018,VLF,12.9,6.21,223.0,5.6,0.0765,0.0457,0.0368,0.71,12.61,0.037,5.18,37.38,0.032,23.8,0.283,12.0,0.1006,23.2
13,P14,181,06/11/2018,07/11/2018,NF,,,,,,,,,,,,,,,,,,
13,P15,80,06/11/2018,07/11/2018,NF,,,,,,,,,,,,,,,,,,
13,P16,500,06/11/2018,07/11/2018,VVLF,11.2,7.22,229.0,8.9,0.0555,0.0314,0.0199,4.6,13.51,0.1235,2.69,21.14,0.061,26.6,0.528,10.5,0.0955,3.6
13,P17,547,06/11/2018,07/11/2018,NF,,,,,,,,,,,,,,,,,,
13,P18,1439,06/11/2018,07/11/2018,VLF,10.7,7.1,193.0,9.5,0.0492,0.0233,0.0153,5.03,8.16,0.131,2.6,20.61,0.04,23.8,0.254,16.7,0.0978,3.6
13,P19,587,06/11/2018,07/11/2018,NF,,,,,,,,,,,,,,,,,,
13,P20,933,06/11/2018,07/11/2018,NF,,,,,,,,,,,,,,,,,,
13,P21,459,06/11/2018,07/11/2018,NF,,,,,,,,,,,,,,,,,,
13,P22,1092,06/11/2018,07/11/2018,NF,,,,,,,,,,,,,,,,,,
13,P23,458,06/11/2018,07/11/2018,NF,,,,,,,,,,,,,,,,,,
13,P24,145,06/11/2018,07/11/2018,NF,,,,,,,,,,,,,,,,,,
13,P25,414,06/11/2018,07/11/2018,NF,,,,,,,,,,,,,,,,,,
13,P26,113,06/11/2018,07/11/2018,NF,,,,,,,,,,,,,,,,,,
13,P27,1390,06/11/2018,07/11/2018,VVLF,9.8,7.33,334.0,9.6,0.2031,0.1775,0.1513,4.31,11.96,0.1176,2.73,21.42,0.074,40.3,0.351,18.6,0.1113,28.8
13,P28,2363,06/11/2018,07/11/2018,VLF,10.3,7.06,156.0,10.11,0.2361,0.1748,0.1442,7.72,3.72,0.1968,2.55,20.25,,24.3,0.28,6.4,0.0932,7.3
13,P29,156,06/11/2018,07/11/2018,VVLF,10.4,6.95,161.0,10.2,0.0389,0.031,0.0197,6.66,3.15,0.2446,3.67,27.57,0.015,26.6,0.115,11.9,0.098,5.1
13,P1sup,3484,06/11/2018,07/11/2018,VLF,9.1,7.5,414.0,10.1,0.0543,0.037,0.0199,4.68,17.93,0.1752,3.74,28.02,0.028,62.0,0.386,20.8,0.1202,7.9
13,P2sup,8951,06/11/2018,07/11/2018,VVLF,9.4,7.33,494.0,7.6,0.1213,0.075,0.0432,3.99,23.4,0.2042,5.12,37.01,0.044,55.2,0.493,54.7,0.1263,1.4
13,P3sup,25540,06/11/2018,07/11/2018,VLF,9.6,7.4,339.0,9.1,0.0701,0.0407,0.0225,5.65,20.93,0.2135,3.78,28.29,0.041,39.0,0.434,17.5,0.1142,3.0
13,YV2,30025,06/11/2018,07/11/2018,VLF,9.5,7.27,328.0,9.4,0.1027,0.0682,0.0333,7.15,20.33,0.2982,4.17,30.84,0.04,36.5,0.455,16.7,0.1073,1.1
14,P01,1262,20/11/2018,21/11/2018,VLF,4.0,6.69,213.0,11.14,0.0365,0.0106,0.0162,4.81,7.43,0.1484,3.09,23.75,0.48,27.2,0.26,24.7,0.125,2.3
14,P02,553,20/11/2018,21/11/2018,NF,,,,,,,,,,,,,,,,,,
14,P03,629,20/11/2018,21/11/2018,NF,,,,,,,,,,,,,,,,,,
14,P04,599,20/11/2018,21/11/2018,LF,4.1,7.35,289.0,12.44,0.0517,0.0199,0.0166,7.2,14.28,0.1981,2.75,21.56,0.08,32.4,0.39,9.6,0.083,25.7
14,P05,431,20/11/2018,21/11/2018,VLF,4.4,7.38,311.0,12.27,0.0757,0.0224,0.0182,4.66,11.13,0.1545,3.32,25.25,0.06,32.7,0.38,19.9,0.108,33.2
14,P06,7239,20/11/2018,21/11/2018,VVLF,3.7,7.56,313.0,12.27,0.0575,0.0261,0.0193,7.39,12.69,0.211,2.86,22.25,0.35,34.7,0.39,16.1,0.094,28.3
14,P07,361,20/11/2018,21/11/2018,VLF,4.8,7.43,288.0,12.36,0.024,0.0125,0.0126,4.27,5.23,0.1383,3.24,24.74,0.21,33.5,0.17,10.8,0.119,53.5
14,P08,1279,20/11/2018,21/11/2018,VLF,4.0,7.45,313.0,12.22,0.0506,0.0244,0.0181,3.63,15.1,0.1403,3.87,28.86,0.43,33.5,0.45,17.2,0.118,20.6
14,P09,12044,20/11/2018,21/11/2018,LF,3.7,7.35,334.0,12.47,0.0589,0.0259,0.0185,5.74,16.39,0.2265,3.95,29.35,0.08,41.4,0.39,19.2,0.104,13.5
14,P10,5326,20/11/2018,21/11/2018,LF,4.5,7.32,263.0,10.9,0.1606,0.0781,0.0642,8.5,14.23,0.2642,3.11,23.9,0.55,31.0,0.41,13.8,0.108,4.1
14,P11,155,20/11/2018,21/11/2018,VLF,5.6,7.29,234.0,11.64,0.2325,0.088,0.0752,4.69,11.38,0.1464,3.12,24.0,0.66,31.1,0.36,7.7,0.095,9.9
14,P12,178,20/11/2018,21/11/2018,NF,,,,,,,,,,,,,,,,,,
14,P13,138,20/11/2018,21/11/2018,LF,8.7,6.46,213.0,8.6,0.042,0.0288,0.03,1.95,11.55,0.0607,3.12,23.95,0.03,24.4,0.31,12.2,0.103,13.4
14,P14,181,20/11/2018,21/11/2018,NF,,,,,,,,,,,,,,,,,,
14,P15,80,20/11/2018,21/11/2018,NF,,,,,,,,,,,,,,,,,,
14,P16,500,20/11/2018,21/11/2018,VLF,4.9,6.91,222.0,11.35,0.0591,0.0259,0.021,4.63,12.19,0.131,2.83,22.09,0.13,27.2,0.39,10.1,0.088,5.8
14,P17,547,20/11/2018,21/11/2018,VVLF,5.1,7.14,253.0,11.99,0.0396,0.0238,0.02,4.49,9.84,0.1608,3.58,26.99,0.07,31.3,0.33,15.4,0.089,15.1
14,P18,1439,20/11/2018,21/11/2018,VLF,5.3,6.88,224.0,10.7,0.025,0.0242,0.0164,3.86,7.94,0.1249,3.24,24.73,0.09,25.3,0.26,23.6,0.093,12.0
14,P19,587,20/11/2018,21/11/2018,NF,,,,,,,,,,,,,,,,,,
14,P20,933,20/11/2018,21/11/2018,NF,,,,,,,,,,,,,,,,,,
14,P21,459,20/11/2018,21/11/2018,NF,,,,,,,,,,,,,,,,,,
14,P22,1092,20/11/2018,21/11/2018,NF,,,,,,,,,,,,,,,,,,
14,P23,458,20/11/2018,21/11/2018,NF,,,,,,,,,,,,,,,,,,
14,P24,145,20/11/2018,21/11/2018,NF,,,,,,,,,,,,,,,,,,
14,P25,414,20/11/2018,21/11/2018,NF,,,,,,,,,,,,,,,,,,
14,P26,113,20/11/2018,21/11/2018,NF,,,,,,,,,,,,,,,,,,
14,P27,1390,20/11/2018,21/11/2018,VLF,4.0,7.44,441.0,11.8,0.5435,0.5443,0.5124,6.35,16.15,0.1657,2.61,20.64,0.04,53.9,0.68,19.7,0.121,36.7
14,P28,2363,20/11/2018,21/11/2018,LF,4.4,7.23,168.0,12.15,0.2004,0.1436,0.1245,8.97,4.36,0.2378,2.65,20.92,0.79,26.6,0.33,8.2,0.102,6.4
14,P29,156,20/11/2018,21/11/2018,VLF,5.0,6.96,173.0,11.9,0.0367,0.023,0.0187,7.97,3.26,0.2666,3.35,25.44,0.41,27.4,0.11,14.0,0.097,5.3
14,P1sup,3484,20/11/2018,21/11/2018,VLF,4.5,7.47,363.0,11.92,0.0603,0.0335,0.0257,5.82,16.52,0.2057,3.53,26.67,0.41,48.4,0.39,21.4,0.123,8.3
14,P2sup,8951,20/11/2018,21/11/2018,LVLF,4.2,7.36,382.0,10.67,0.1092,0.0614,0.0452,6.49,19.64,0.2231,3.44,26.04,0.03,42.3,0.45,34.1,0.113,3.6
14,P3sup,25540,20/11/2018,21/11/2018,LF,4.4,7.49,349.0,11.16,0.0633,0.0384,0.027,8.13,16.97,0.2312,2.84,22.17,0.14,41.1,0.44,25.6,0.104,6.7
14,YV2,30025,20/11/2018,21/11/2018,LF,6.4,7.11,298.0,10.55,0.1078,0.0662,0.0485,7.83,16.13,0.2706,3.46,26.17,0.08,34.9,0.48,19.6,0.101,4.7
15,P01,1262,04/12/2018,06/12/2018,F,10.5,6.8,215.0,10.44,0.0601,0.0502,0.0198,9.69,4.07,0.3115,3.21,24.58,0.08,25.8,0.174,21.4,0.068,15.9
15,P02,553,04/12/2018,06/12/2018,LF,10.3,6.8,282.0,10.36,0.0943,0.0745,0.0295,17.79,6.88,0.5829,3.28,24.99,0.05,34.2,0.232,23.3,0.053,26.1
15,P03,629,04/12/2018,06/12/2018,LF,10.1,6.9,266.0,10.39,0.0493,0.0465,0.0168,12.47,4.3,0.4153,3.33,25.34,0.06,36.8,0.139,24.4,0.058,20.2
15,P04,599,04/12/2018,06/12/2018,F,9.7,7.22,273.0,11.02,0.0902,0.0558,0.0242,8.37,10.5,0.3111,3.72,27.87,0.08,33.0,0.422,16.6,0.068,17.9
15,P05,431,04/12/2018,06/12/2018,F,10.0,7.09,345.0,10.57,0.1022,0.0575,0.0284,9.8,6.95,0.3237,3.3,25.16,0.07,35.6,0.267,35.2,0.087,40.0
15,P06,7239,04/12/2018,06/12/2018,LF,10.1,7.2,294.0,11.14,0.1276,0.0653,0.0254,13.89,6.66,0.4668,3.36,25.54,0.07,37.3,0.233,25.0,0.063,22.6
15,P07,361,04/12/2018,06/12/2018,LF,10.5,7.01,353.0,10.51,0.0583,0.038,0.0157,10.52,6.17,0.342,3.25,24.83,0.07,38.2,0.181,26.7,0.079,54.2
15,P08,1279,04/12/2018,06/12/2018,LF,10.3,7.12,354.0,10.5,0.1344,0.0471,0.0229,7.16,8.82,0.2188,3.06,23.56,0.11,30.6,0.335,21.0,0.082,65.5
15,P09,12044,04/12/2018,06/12/2018,F,10.7,7.13,303.0,10.36,0.0971,0.0622,0.0237,12.42,7.72,0.3978,3.2,24.51,0.11,34.8,0.265,27.1,0.068,23.2
15,P10,5326,04/12/2018,06/12/2018,F,11.1,6.98,347.0,9.73,0.1486,0.0982,0.0221,11.69,7.12,0.3633,3.11,23.89,0.1,34.3,0.302,22.9,0.066,52.3
15,P11,155,04/12/2018,06/12/2018,LF,11.6,6.92,350.0,9.18,0.2133,0.1696,0.1053,10.96,10.09,0.3251,2.97,22.97,0.1,38.2,0.38,25.6,0.07,36.1
15,P12,178,04/12/2018,06/12/2018,LF,11.4,5.84,170.0,9.9,0.0627,0.0344,0.0176,11.23,0.96,0.3776,3.36,25.55,0.04,34.4,0.053,8.3,0.069,8.1
15,P13,138,04/12/2018,06/12/2018,LF,11.3,6.38,186.0,9.8,0.0463,0.0245,0.0181,4.86,4.56,0.1069,2.2,17.97,0.06,25.1,0.161,10.1,0.09,18.4
15,P14,181,04/12/2018,06/12/2018,LF,11.5,4.82,153.0,10.3,0.0333,0.0242,0.0148,5.52,0.52,0.1387,2.51,20.01,0.07,33.3,,7.1,0.076,5.3
15,P15,80,04/12/2018,06/12/2018,VLF,11.2,5.2,141.0,9.46,0.0292,0.0216,0.0135,6.91,1.41,0.1918,2.78,21.74,0.12,21.9,,17.8,0.035,5.2
15,P16,500,04/12/2018,06/12/2018,LF,11.1,6.34,202.0,10.25,0.0819,0.0317,0.016,6.22,4.79,0.1856,2.98,23.09,0.08,23.6,0.2,7.2,0.063,31.1
15,P17,547,04/12/2018,06/12/2018,LF,11.6,6.7,385.0,10.4,0.0901,0.0465,0.0226,6.66,6.43,0.2064,3.1,23.83,0.1,31.0,0.209,26.3,0.071,81.6
15,P18,1439,04/12/2018,06/12/2018,F,11.2,6.69,180.6,10.4,0.0822,0.0389,0.0168,8.46,3.41,0.192,2.27,18.43,0.07,23.9,0.146,15.0,0.09,14.4
15,P19,587,04/12/2018,06/12/2018,LF,11.4,6.83,404.0,10.32,0.0843,0.0521,0.0287,8.52,5.23,0.2464,2.89,22.49,0.11,36.6,0.186,25.7,0.063,87.5
15,P20,933,04/12/2018,06/12/2018,LF,11.5,6.94,312.0,9.4,0.1364,0.0757,0.0449,12.2,7.66,0.3622,2.97,22.99,0.07,31.9,0.324,22.7,0.079,38.4
15,P21,459,04/12/2018,06/12/2018,,,,,,,,,,,,,,,,,,,
15,P22,1092,04/12/2018,06/12/2018,LF,11.7,6.9,283.0,10.11,0.0921,0.0559,0.0299,9.49,6.14,0.2654,2.8,21.86,0.07,34.8,0.261,24.2,0.097,25.0
15,P23,458,04/12/2018,06/12/2018,VLF,11.9,6.89,295.0,9.13,0.186,0.0671,0.028,10.91,8.46,0.2972,2.72,21.39,0.12,35.3,0.274,26.5,0.081,17.2
15,P24,145,04/12/2018,06/12/2018,NF,,,,,,,,,,,,,,,,,,
15,P25,414,04/12/2018,06/12/2018,LF,11.1,6.67,455.0,10.25,0.0941,0.0419,0.0216,10.19,6.93,0.2953,2.9,22.52,0.11,49.5,0.193,32.0,0.077,79.9
15,P26,113,04/12/2018,06/12/2018,NF,,,,,,,,,,,,,,,,,,
15,P27,1390,04/12/2018,06/12/2018,LF,10.5,7.0,348.0,10.26,0.1856,0.1054,0.0822,11.55,6.07,0.3393,2.94,22.78,0.09,33.6,0.264,24.8,0.063,58.5
15,P28,2363,04/12/2018,06/12/2018,F,11.5,6.9,250.0,10.0,0.1612,0.1056,0.0478,10.31,4.18,0.3302,3.2,24.51,0.07,28.7,0.208,16.8,0.073,32.4
15,P29,156,04/12/2018,06/12/2018,LF,11.3,6.82,213.0,10.45,0.0478,0.0483,0.0188,8.6,2.85,0.2921,3.4,25.78,0.05,22.1,0.137,15.7,0.064,34.3
15,P1sup,3484,04/12/2018,06/12/2018,LF,10.5,7.13,250.0,10.71,0.0986,0.05,0.0215,12.82,5.69,0.3958,3.09,23.76,0.08,34.5,0.256,25.9,0.074,34.2
15,P2sup,8951,04/12/2018,06/12/2018,F,11.1,7.05,336.0,9.87,0.1708,0.0813,0.0469,10.9,7.19,0.3367,3.09,23.77,0.06,30.9,0.215,23.6,0.063,15.3
15,P3sup,25540,04/12/2018,06/12/2018,F,11.0,7.06,292.0,10.47,0.1449,0.0692,0.0305,10.91,6.31,0.3369,3.09,23.76,0.12,32.9,0.357,23.5,0.07,47.6
15,YV2,30025,04/12/2018,06/12/2018,F,11.5,7.11,315.0,10.27,0.1465,0.0665,0.034,9.77,7.11,0.2978,3.05,23.51,0.1,32.2,0.227,23.1,0.065,32.2
16,P01,1262,18/12/2018,19/12/2018,F,8.2,6.78,198.0,11.15,0.035,0.019,0.013,7.5,4.3,0.233,3.1,23.85,0.14,24.8,0.181,18.1,0.081,13.5
16,P02,553,18/12/2018,19/12/2018,LF,8.1,6.87,263.0,10.9,0.049,0.03,0.019,9.9,5.8,0.354,3.6,27.09,0.17,33.6,0.205,17.7,0.083,27.2
16,P03,629,18/12/2018,19/12/2018,LF,8.1,6.93,238.0,11.12,0.039,0.02,0.013,9.3,4.6,0.32,3.45,26.13,0.02,32.4,0.162,17.9,0.072,21.2
16,P04,599,18/12/2018,19/12/2018,F,7.1,7.16,269.0,11.7,0.073,0.035,0.022,8.2,7.7,0.285,3.47,26.27,0.14,32.7,0.357,17.6,0.08,23.9
16,P05,431,18/12/2018,19/12/2018,F,7.7,7.14,336.0,11.1,0.069,0.037,0.022,8.7,6.3,0.271,3.12,23.94,0.02,34.5,0.318,29.5,0.099,44.2
16,P06,7239,18/12/2018,19/12/2018,LF,7.8,7.25,284.0,11.4,0.056,0.033,0.018,9.5,6.0,0.334,3.52,26.6,0.02,36.2,0.226,21.3,0.08,26.3
16,P07,361,18/12/2018,19/12/2018,LF,8.6,7.12,312.0,10.9,0.043,0.019,0.011,8.0,6.2,0.264,3.3,25.16,0.02,35.4,0.221,18.5,0.095,51.0
16,P08,1279,18/12/2018,19/12/2018,LF,8.3,7.17,321.0,11.2,0.058,0.025,0.016,4.6,7.4,0.142,3.1,23.85,0.08,29.9,0.29,18.3,0.094,59.1
16,P09,12044,18/12/2018,19/12/2018,F,7.7,7.22,316.0,11.5,0.055,0.027,0.017,8.5,7.6,0.272,3.2,24.5,0.27,36.0,0.274,25.5,0.088,33.8
16,P10,5326,18/12/2018,19/12/2018,F,7.9,7.14,322.0,10.7,0.102,0.049,0.038,9.5,7.7,0.277,2.93,22.73,0.08,35.4,0.337,22.0,0.085,41.1
16,P11,155,18/12/2018,19/12/2018,LF,8.9,6.88,306.0,10.25,0.17,0.086,0.069,5.9,6.8,0.162,2.75,21.56,0.03,32.2,0.416,18.3,0.085,45.5
16,P12,178,18/12/2018,19/12/2018,LF,8.2,6.05,170.0,10.92,0.033,0.02,0.016,6.9,1.1,0.231,3.33,25.33,0.04,32.8,,7.8,0.08,12.4
16,P13,138,18/12/2018,19/12/2018,LF,8.3,6.32,189.0,10.75,0.028,0.019,0.012,4.5,3.4,0.101,2.22,18.12,0.05,27.4,0.171,11.9,0.085,20.2
16,P14,181,18/12/2018,19/12/2018,LF,8.2,4.87,139.0,10.9,0.021,0.013,0.01,5.0,0.6,0.121,2.43,19.45,0.06,30.4,,6.3,0.076,4.5
16,P15,80,18/12/2018,19/12/2018,VLF,9.0,4.88,141.0,9.7,0.017,0.012,0.009,4.8,0.8,0.111,2.32,18.74,0.11,30.2,,7.5,0.086,4.6
16,P16,500,18/12/2018,19/12/2018,LF,7.8,6.28,198.0,11.14,0.031,0.016,0.011,5.0,3.2,0.15,3.02,23.31,0.07,25.5,0.069,8.0,0.077,30.4
16,P17,547,18/12/2018,19/12/2018,LF,9.0,6.7,318.0,10.95,0.048,0.024,0.016,4.5,5.5,0.137,3.09,23.76,0.09,27.0,0.229,20.3,0.078,65.2
16,P18,1439,18/12/2018,19/12/2018,F,6.9,6.72,209.0,11.58,0.045,0.021,0.012,5.1,2.1,0.134,2.64,20.85,0.06,24.6,,24.1,0.077,21.8
16,P19,587,18/12/2018,19/12/2018,LF,8.8,6.82,341.0,11.07,0.053,0.032,0.023,5.0,4.8,0.164,3.27,24.95,0.1,29.9,0.185,18.7,0.079,76.7
16,P20,933,18/12/2018,19/12/2018,LF,8.6,6.94,279.0,10.8,0.072,0.052,0.036,6.5,5.8,0.215,3.32,25.28,0.07,26.9,0.296,17.5,0.086,46.4
16,P21,459,18/12/2018,19/12/2018,,,,,,,,,,,,,,,,,,,
16,P22,1092,18/12/2018,19/12/2018,LF,8.4,7.0,309.0,11.2,0.059,0.033,0.02,6.3,5.4,0.206,3.27,24.97,0.07,33.2,0.216,26.1,0.101,42.8
16,P23,458,18/12/2018,19/12/2018,LF,8.4,6.87,288.0,10.9,0.048,0.025,0.015,6.4,6.2,0.2,3.14,24.09,0.07,30.9,0.218,27.3,0.09,32.2
16,P24,145,18/12/2018,19/12/2018,LF,8.6,6.69,348.0,9.7,0.033,0.027,0.017,5.5,4.3,0.174,,,0.06,36.0,0.14,21.4,0.087,69.2
16,P25,414,18/12/2018,19/12/2018,LF,8.9,6.72,350.0,10.9,0.05,0.029,0.017,5.4,5.5,0.163,3.04,23.44,0.09,36.0,0.21,18.9,0.093,67.9
16,P26,113,18/12/2018,19/12/2018,NF,,,,,,,,,,,,,,,,,,
16,P27,1390,18/12/2018,19/12/2018,LF,8.4,7.08,335.0,10.7,0.2,0.144,0.122,7.4,6.7,0.247,3.32,25.25,0.09,34.9,0.593,19.7,0.082,53.7
16,P28,2363,18/12/2018,19/12/2018,F,7.9,7.08,160.0,11.25,0.102,0.056,0.041,8.5,4.2,0.273,3.2,24.51,0.07,30.4,0.224,16.0,0.086,31.1
16,P29,156,18/12/2018,19/12/2018,LF,8.4,6.89,219.0,11.26,0.039,0.023,0.015,6.8,2.5,0.231,3.42,25.93,0.04,22.7,0.119,14.3,0.073,39.5
16,P1sup,3484,18/12/2018,19/12/2018,LF,7.9,7.23,247.0,11.4,0.046,0.026,0.016,7.9,5.7,0.252,3.18,24.35,0.02,31.3,0.221,21.1,0.088,16.8
16,P2sup,8951,18/12/2018,19/12/2018,F,7.9,7.2,321.0,10.9,0.09,0.041,0.029,9.4,8.8,0.248,2.63,20.76,0.07,34.5,0.304,23.1,0.085,42.7
16,P3sup,25540,18/12/2018,19/12/2018,F,7.7,7.21,303.0,11.2,0.087,0.045,0.027,8.9,6.3,0.282,3.18,24.38,0.03,34.2,0.257,22.5,0.084,36.1
16,YV2,30025,18/12/2018,19/12/2018,F,7.6,7.03,294.0,11.45,0.097,0.043,0.027,8.4,6.0,0.278,3.29,25.07,0.08,32.8,0.253,21.9,0.082,35.3
17,P01,1262,08/01/2019,09/01/2019,LF,8.0,6.81,193.0,11.6,0.03,0.014,0.013,4.6,4.0,0.13,2.82,22.03,0.02,24.9,0.165,17.1,0.103,13.4
17,P02,553,08/01/2019,09/01/2019,VLF,8.3,6.86,236.0,11.3,0.039,0.072,0.017,5.3,5.1,0.189,3.58,26.95,0.14,28.9,0.204,12.5,0.106,31.8
17,P03,629,08/01/2019,09/01/2019,VLF,8.4,6.92,243.0,11.2,0.025,0.018,0.013,6.2,4.2,0.211,3.42,25.94,0.16,30.6,0.165,13.4,0.089,34.5
17,P04,599,08/01/2019,09/01/2019,LF,7.6,7.17,269.0,11.9,0.067,0.031,0.019,6.6,6.2,0.224,3.4,25.81,0.02,31.1,0.253,15.9,0.094,34.6
17,P05,431,08/01/2019,09/01/2019,LF,7.9,7.19,324.0,11.5,0.054,0.024,0.017,4.8,7.1,0.173,3.59,27.06,0.23,31.8,0.272,22.2,0.111,51.3
17,P06,7239,08/01/2019,09/01/2019,VLF,7.9,7.23,265.0,11.7,0.047,0.024,0.018,4.4,5.8,0.135,3.05,23.49,0.04,33.9,0.272,19.4,0.114,24.3
17,P07,361,08/01/2019,09/01/2019,LF,9.1,7.18,290.0,11.3,0.055,0.016,0.011,3.8,4.6,0.139,3.61,27.16,0.04,33.4,0.175,9.9,0.117,58.4
17,P08,1279,08/01/2019,09/01/2019,LF,8.4,7.25,301.0,11.5,0.05,0.027,0.019,2.8,7.4,0.088,3.1,23.84,0.1,30.0,0.271,16.4,0.11,49.9
17,P09,12044,08/01/2019,09/01/2019,LF,7.7,7.23,307.0,11.9,0.038,0.02,0.016,4.0,6.6,0.15,3.73,27.92,0.05,33.9,0.243,20.5,0.108,43.5
17,P10,5326,08/01/2019,09/01/2019,LF,7.5,7.28,293.0,11.2,0.076,0.036,0.031,5.4,8.8,0.178,3.29,25.07,0.02,36.0,0.311,18.2,0.112,25.0
17,P11,155,08/01/2019,09/01/2019,VLF,9.8,6.94,248.0,10.9,0.114,0.079,0.071,3.1,4.7,0.078,2.54,20.17,0.02,29.5,0.317,11.2,0.095,38.6
17,P12,178,08/01/2019,09/01/2019,VLF,8.4,6.38,163.0,11.3,0.025,0.015,0.013,4.6,0.9,0.142,3.07,23.64,0.15,31.7,,6.9,0.085,12.1
17,P13,138,08/01/2019,09/01/2019,LF,8.3,6.36,176.0,11.2,0.024,0.011,0.012,3.6,2.5,0.078,2.17,17.78,0.04,26.5,0.108,10.2,0.086,18.2
17,P14,181,08/01/2019,09/01/2019,VLF,8.6,5.0,131.0,11.1,0.016,0.009,0.01,4.1,0.6,0.094,2.28,18.48,0.02,29.3,,6.0,0.077,3.6
17,P15,80,08/01/2019,09/01/2019,VLF,8.7,4.94,126.0,9.3,0.012,0.006,0.01,3.9,0.9,0.078,1.99,16.59,0.04,27.2,,7.0,0.082,3.1
17,P16,500,08/01/2019,09/01/2019,VLF,7.5,6.25,174.0,11.7,0.024,0.011,0.01,4.3,2.5,0.112,2.63,20.8,0.06,26.1,,8.0,0.084,20.2
17,P17,547,08/01/2019,09/01/2019,VLF,9.4,6.68,264.0,11.07,0.041,0.023,0.017,2.9,5.5,0.099,3.43,25.96,0.06,27.8,0.234,14.8,0.09,43.0
17,P18,1439,08/01/2019,09/01/2019,LF,7.3,6.75,189.0,12.0,0.024,0.012,0.011,4.1,2.1,0.112,2.73,21.43,0.05,23.8,,19.3,,19.8
17,P19,587,08/01/2019,09/01/2019,LF,9.1,6.95,288.0,11.4,0.042,0.021,0.02,3.2,4.1,0.09,2.79,21.81,0.02,26.3,0.185,15.1,0.091,63.6
17,P20,933,08/01/2019,09/01/2019,VLF,8.5,7.02,255.0,10.9,0.061,0.046,0.035,4.4,5.9,0.157,3.6,27.12,0.02,26.5,0.255,15.9,0.096,37.6
17,P21,459,08/01/2019,09/01/2019,,,,,,,,,,,,,,,,,,,
17,P22,1092,08/01/2019,09/01/2019,VLF,8.7,7.11,316.0,11.7,0.039,0.026,0.019,4.5,5.8,0.142,3.13,24.06,0.07,34.3,0.212,25.9,0.126,43.5
17,P23,458,08/01/2019,09/01/2019,VLF,8.6,6.97,271.0,11.2,0.031,0.02,0.015,4.1,6.0,0.131,3.23,24.71,0.1,30.1,0.221,20.0,0.104,34.0
17,P24,145,08/01/2019,09/01/2019,VLF,8.7,6.78,335.0,10.1,0.026,0.024,0.015,4.2,4.6,0.121,,,0.06,35.3,0.163,19.3,0.097,67.1
17,P25,414,08/01/2019,09/01/2019,LF,9.3,6.8,313.0,11.5,0.03,0.018,0.014,2.7,4.9,0.081,2.98,23.07,0.15,33.4,0.196,13.9,0.11,63.1
17,P26,113,08/01/2019,09/01/2019,NF,,,,,,,,,,,,,,,,,,
17,P27,1390,08/01/2019,09/01/2019,VLF,8.5,7.26,299.0,11.5,0.125,0.102,0.092,3.9,5.9,0.124,3.21,24.56,0.16,33.7,0.271,15.0,0.105,48.4
17,P28,2363,08/01/2019,09/01/2019,VLF,7.9,7.29,220.0,11.7,0.092,0.063,0.048,6.2,4.6,0.2,3.22,24.64,0.05,29.8,0.266,12.9,0.102,21.8
17,P29,156,08/01/2019,09/01/2019,VLF,8.3,7.0,194.0,11.4,0.027,0.017,0.014,6.3,2.7,0.237,3.78,28.27,0.04,23.5,0.134,12.3,0.087,26.3
17,P1sup,3484,08/01/2019,09/01/2019,VLF,8.1,7.24,260.0,11.8,0.039,0.025,0.017,4.1,5.4,0.132,3.2,24.49,0.03,33.6,0.239,19.5,0.113,23.5
17,P2sup,8951,08/01/2019,09/01/2019,LF,7.4,7.36,304.0,11.6,0.069,0.037,0.029,7.3,7.8,0.151,2.07,17.11,0.18,35.0,0.297,20.4,0.111,31.4
17,P3sup,25540,08/01/2019,09/01/2019,LF,7.5,7.36,296.0,11.9,0.049,0.035,0.023,4.7,6.8,0.147,3.13,24.05,0.26,34.5,0.247,19.1,0.111,35.7
17,YV2,30025,08/01/2019,09/01/2019,LF,7.2,7.16,289.0,12.18,0.051,0.029,0.022,3.6,6.9,0.141,3.86,28.82,0.06,33.4,0.244,18.7,0.107,36.2
18,P01,1262,23/01/2019,27/01/2019,LF,6.4,7.03,194.2,11.47,0.035,0.018,0.015,5.8,4.1,0.185,3.19,24.43,0.02,25.2,0.162,15.8,0.109,11.2
18,P02,553,23/01/2019,27/01/2019,VLF,5.8,7.08,229.0,11.59,0.073,0.029,0.019,6.9,5.0,0.291,4.24,31.29,0.06,28.8,0.211,12.4,0.11,26.9
18,P03,629,23/01/2019,27/01/2019,VLF,6.3,7.06,234.0,11.74,0.042,0.018,0.015,6.6,3.9,0.266,4.0,29.68,0.02,30.2,0.171,13.5,0.091,30.5
18,P04,599,23/01/2019,27/01/2019,LF,5.7,7.21,264.0,12.1,0.089,0.025,0.018,6.4,6.2,0.264,4.11,30.46,0.07,31.1,0.252,15.6,0.096,31.7
18,P05,431,23/01/2019,27/01/2019,LF,5.5,7.22,303.0,11.91,0.139,0.031,0.019,5.8,7.0,0.256,4.42,32.42,0.07,30.9,0.263,22.0,0.108,42.5
18,P06,7239,23/01/2019,27/01/2019,VLF,5.9,7.35,259.0,11.98,0.071,0.038,0.024,5.0,6.3,0.173,3.44,26.05,0.13,33.0,0.272,18.1,0.117,21.6
18,P07,361,23/01/2019,27/01/2019,LF,6.9,7.22,285.0,11.66,0.04,0.019,0.014,4.6,4.7,0.199,4.3,31.7,0.05,33.3,0.181,10.9,0.119,53.1
18,P08,1279,23/01/2019,27/01/2019,LF,6.0,7.33,294.0,12.02,0.102,0.03,0.019,2.3,8.5,0.121,5.25,37.87,0.13,31.1,0.288,16.6,0.113,41.3
18,P09,12044,23/01/2019,27/01/2019,LF,6.0,7.32,299.0,12.04,0.059,0.021,0.016,4.8,6.6,0.193,3.99,29.65,0.06,35.5,0.243,19.5,0.112,36.4
18,P10,5326,23/01/2019,27/01/2019,LF,5.6,7.31,282.0,11.53,0.123,0.053,0.035,7.7,9.3,0.249,3.22,24.61,,35.4,0.335,16.9,0.113,18.1
18,P11,155,23/01/2019,27/01/2019,VLF,7.0,7.07,272.0,10.75,0.31,0.163,0.098,7.7,10.2,0.273,3.55,26.8,,29.4,0.465,12.8,0.09,27.2
18,P12,178,23/01/2019,27/01/2019,VLF,5.9,6.36,152.0,11.95,0.038,0.018,0.015,5.6,1.0,0.184,3.3,25.17,,32.2,,6.1,0.086,7.2
18,P13,138,23/01/2019,27/01/2019,LF,5.9,6.42,165.0,11.72,0.038,0.015,0.014,4.2,2.3,0.095,2.29,18.53,,27.3,,9.5,0.09,12.1
18,P14,181,23/01/2019,27/01/2019,VLF,6.3,5.12,129.1,11.5,0.025,0.011,0.012,4.1,0.5,0.094,2.3,18.64,0.02,29.3,,5.8,0.08,2.7
18,P15,80,23/01/2019,27/01/2019,VLF,7.2,5.07,120.4,8.84,0.021,0.012,0.012,4.0,0.9,0.086,2.15,17.62,0.03,26.1,,6.9,0.083,2.3
18,P16,500,23/01/2019,27/01/2019,VLF,5.7,6.38,161.9,11.99,0.029,0.026,0.013,4.6,2.4,0.13,2.84,22.13,0.02,26.2,,7.8,0.087,13.0
18,P17,547,23/01/2019,27/01/2019,VLF,6.8,6.89,250.0,11.7,0.061,0.028,0.019,4.4,6.2,0.142,3.25,24.82,0.02,27.5,0.235,15.4,0.092,32.1
18,P18,1439,23/01/2019,27/01/2019,LF,5.7,6.96,174.7,12.19,0.027,0.021,0.013,4.1,2.3,0.127,3.07,23.65,0.02,23.5,,17.7,0.076,13.2
18,P19,587,23/01/2019,27/01/2019,LF,,,,,0.059,0.036,0.02,3.3,4.8,0.131,3.93,29.26,0.11,27.6,0.199,16.7,0.095,50.1
18,P20,933,23/01/2019,27/01/2019,VLF,,,,,0.141,0.086,0.049,7.8,7.2,0.257,3.29,25.1,0.29,28.9,0.336,16.4,0.102,25.2
18,P21,459,23/01/2019,27/01/2019,,,,,,,,,,,,,,,,,,,
18,P22,1092,23/01/2019,27/01/2019,VLF,,,,,0.061,0.027,0.021,4.8,6.5,0.164,3.42,25.92,0.07,35.6,0.239,26.1,0.134,32.0
18,P23,458,23/01/2019,27/01/2019,VLF,,,,,0.044,0.03,0.018,4.3,6.8,0.165,3.83,28.6,0.08,31.8,0.236,19.9,0.106,25.5
18,P24,145,23/01/2019,27/01/2019,VLF,,,,,0.046,0.023,0.018,4.0,5.0,0.148,3.73,27.96,0.07,36.7,0.168,19.3,0.101,47.7
18,P25,414,23/01/2019,27/01/2019,LF,7.0,7.14,309.0,11.77,0.07,0.02,0.016,4.8,5.9,0.156,3.25,24.84,0.02,34.9,0.229,15.7,0.113,50.0
18,P26,113,23/01/2019,27/01/2019,LF,6.2,6.95,319.0,10.52,0.188,0.107,0.054,9.3,8.0,0.236,2.53,20.11,0.02,30.6,0.666,18.1,0.121,48.4
18,P27,1390,23/01/2019,27/01/2019,VLF,6.0,7.28,296.0,11.85,0.196,0.133,0.079,4.9,6.6,0.175,3.54,26.71,0.08,34.5,0.452,14.5,0.104,40.7
18,P28,2363,23/01/2019,27/01/2019,VLF,5.8,7.41,226.0,12.06,0.146,0.076,0.041,13.0,0.3,0.273,2.09,17.28,0.02,32.1,0.245,12.2,0.111,15.8
18,P29,156,23/01/2019,27/01/2019,VLF,6.2,7.08,182.0,11.88,0.044,0.023,0.017,7.5,2.8,0.293,3.92,29.2,0.01,25.2,0.133,11.4,0.094,17.0
18,P1sup,3484,23/01/2019,27/01/2019,VLF,5.9,7.33,246.0,12.04,0.061,0.036,0.02,4.8,5.6,0.173,3.58,26.96,0.05,31.4,0.22,17.8,0.114,20.5
18,P2sup,8951,23/01/2019,27/01/2019,LF,5.3,7.41,293.0,11.72,0.096,0.068,0.032,5.5,9.3,0.185,3.35,25.5,0.02,35.6,0.312,19.1,0.117,22.1
18,P3sup,25540,23/01/2019,27/01/2019,LF,5.6,7.41,288.0,12.17,0.071,0.045,0.022,5.2,7.2,0.187,3.62,27.21,0.02,34.8,0.264,18.3,0.117,29.5
18,YV2,30025,23/01/2019,27/01/2019,LF,,,,,0.11,0.04,0.022,4.4,7.2,0.171,3.92,29.16,0.09,33.9,0.264,18.2,0.112,29.6
19,P01,1262,05/02/2019,09/02/2019,F,5.6,6.86,183.0,12.3,0.05,0.031,0.024,8.8,4.8,0.258,2.94,22.77,0.03,22.0,0.213,14.0,0.089,13.7
19,P02,553,05/02/2019,09/02/2019,F,6.1,6.93,240.0,12.0,0.093,0.03,0.025,9.2,4.9,0.298,3.25,24.8,0.02,30.6,0.185,12.8,0.101,28.7
19,P03,629,05/02/2019,09/02/2019,F,6.1,6.91,226.0,12.1,0.074,0.018,0.018,9.3,4.0,0.304,3.26,24.9,0.02,28.2,0.161,12.7,0.081,30.4
19,P04,599,05/02/2019,09/02/2019,F,5.4,7.06,257.0,12.44,0.089,0.024,0.024,8.1,6.5,0.269,3.34,25.42,0.04,29.0,0.24,15.2,0.089,32.8
19,P05,431,05/02/2019,09/02/2019,F,5.8,7.05,300.0,12.05,0.108,0.029,0.029,8.3,7.0,0.27,3.26,24.86,0.03,29.7,0.239,20.1,0.098,46.4
19,P06,7239,05/02/2019,09/02/2019,F,5.9,7.17,258.0,12.3,0.086,0.023,0.023,9.6,5.3,0.316,3.28,25.04,0.07,31.2,0.2,14.9,0.092,33.2
19,P07,361,05/02/2019,09/02/2019,F,7.1,7.14,296.0,11.77,0.053,0.013,0.017,5.3,5.7,0.179,3.36,25.55,0.03,32.8,0.191,12.0,0.113,56.8
19,P08,1279,05/02/2019,09/02/2019,F,6.5,7.17,309.0,12.02,0.131,0.032,0.033,4.8,8.1,0.136,2.81,21.94,0.05,30.5,0.276,17.1,0.104,50.2
19,P09,12044,05/02/2019,09/02/2019,F,6.3,7.16,270.0,12.09,0.074,0.025,0.022,7.8,6.4,0.26,3.36,25.54,0.06,31.7,0.228,17.9,0.098,32.8
19,P10,5326,05/02/2019,09/02/2019,F,6.1,7.22,292.0,11.77,0.118,0.043,0.038,8.7,8.3,0.236,2.71,21.31,0.03,34.3,0.289,18.5,0.097,29.4
19,P11,155,05/02/2019,09/02/2019,F,8.8,6.84,280.0,10.74,0.097,0.062,0.059,4.1,5.6,0.109,2.64,20.86,0.03,31.9,0.24,14.9,0.091,44.9
19,P12,178,05/02/2019,09/02/2019,F,7.3,6.07,161.0,11.56,0.033,0.016,0.016,6.3,1.0,0.176,2.8,21.87,0.03,31.8,,7.1,0.078,11.1
19,P13,138,05/02/2019,09/02/2019,F,7.1,6.21,164.0,11.62,0.038,0.038,0.018,5.0,2.0,0.106,2.12,17.47,0.02,27.9,,9.2,0.082,13.1
19,P14,181,05/02/2019,09/02/2019,F,7.3,4.85,130.0,11.45,0.034,0.034,0.015,4.8,0.6,0.105,2.19,17.93,0.04,28.2,,5.8,0.068,4.4
19,P15,80,05/02/2019,09/02/2019,F,7.4,5.03,123.0,10.12,0.016,0.012,0.014,4.4,0.8,0.085,1.93,16.2,0.05,25.7,,6.8,0.072,4.2
19,P16,500,05/02/2019,09/02/2019,F,6.4,6.12,159.0,12.03,0.039,0.009,0.013,4.4,1.9,0.106,2.4,19.27,0.04,25.7,,7.6,0.083,16.4
19,P17,547,05/02/2019,09/02/2019,F,8.0,6.66,266.0,11.58,0.072,0.029,0.024,4.6,6.2,0.129,2.78,21.77,0.04,25.0,0.227,15.7,0.081,46.1
19,P18,1439,05/02/2019,09/02/2019,F,6.0,6.88,156.0,12.37,0.085,0.022,0.018,5.0,1.9,0.135,2.67,21.04,0.02,21.9,,13.3,0.066,13.9
19,P19,587,05/02/2019,09/02/2019,F,7.8,6.95,284.0,11.63,0.093,0.061,0.033,6.1,5.5,0.167,2.75,21.56,0.02,25.9,0.204,15.2,0.083,55.4
19,P20,933,05/02/2019,09/02/2019,F,7.3,6.99,253.0,11.59,0.096,0.063,0.044,6.8,5.6,0.173,2.55,20.23,0.02,25.6,0.244,14.5,0.09,38.8
19,P21,459,05/02/2019,09/02/2019,,,,,,,,,,,,,,,,,,,
19,P22,1092,05/02/2019,09/02/2019,F,7.3,7.14,291.0,11.9,0.104,0.071,0.039,8.8,5.4,0.234,2.64,20.85,0.02,31.4,0.205,22.3,0.103,39.2
19,P23,458,05/02/2019,09/02/2019,F,7.2,7.0,271.0,11.58,0.069,0.046,0.03,7.2,6.7,0.189,2.61,20.62,0.03,31.1,0.239,18.7,0.098,32.4
19,P24,145,05/02/2019,09/02/2019,F,7.4,6.86,326.0,10.85,0.138,0.029,0.023,4.9,4.8,0.129,2.61,20.68,0.03,35.6,0.163,18.4,0.094,60.8
19,P25,414,05/02/2019,09/02/2019,F,7.8,6.9,320.0,11.63,0.056,0.026,0.023,5.1,6.3,0.143,2.8,21.9,0.06,32.9,0.217,15.8,0.104,59.8
19,P26,113,05/02/2019,09/02/2019,F,7.1,6.77,334.0,10.47,0.227,0.151,0.1,10.8,8.2,0.224,2.08,17.19,0.02,26.4,0.498,17.9,0.107,60.3
19,P27,1390,05/02/2019,09/02/2019,F,6.7,7.15,293.0,11.79,0.147,0.106,0.067,6.6,7.3,0.212,3.21,24.59,0.03,31.6,0.348,15.6,0.092,44.5
19,P28,2363,05/02/2019,09/02/2019,F,6.7,7.19,240.0,11.94,0.12,0.064,0.045,8.1,4.9,0.229,2.84,22.14,0.02,29.6,0.212,14.2,0.093,27.5
19,P29,156,05/02/2019,09/02/2019,F,6.9,7.04,199.0,12.03,0.047,0.045,0.025,7.4,3.0,0.213,2.89,22.5,0.02,22.7,0.117,12.2,0.079,29.9
19,P1sup,3484,05/02/2019,09/02/2019,F,6.1,7.2,229.0,12.17,0.064,0.06,0.025,8.0,5.5,0.252,3.15,24.2,0.03,27.7,0.207,16.2,0.097,21.0
19,P2sup,8951,05/02/2019,09/02/2019,F,6.2,7.23,292.0,11.9,0.105,0.053,0.035,6.7,7.2,0.189,2.83,22.1,0.03,33.2,0.268,19.0,0.098,33.2
19,P3sup,25540,05/02/2019,09/02/2019,F,6.3,7.25,278.0,12.04,0.093,0.06,0.031,7.3,6.4,0.216,2.95,22.89,0.03,32.6,0.233,17.9,0.1,34.2
19,YV2,30025,05/02/2019,09/02/2019,F,6.6,7.12,274.0,12.26,0.115,0.079,0.035,6.9,5.6,0.186,2.68,21.11,0.02,31.5,0.22,17.4,0.097,34.0
20,P01,1262,26/02/2019,06/03/2019,F,6.0,6.68,184.0,12.34,0.021,0.014,0.011,4.2,3.8,0.126,3.01,23.24,0.02,23.2,0.161,15.1,0.1,15.9
20,P02,553,26/02/2019,06/03/2019,F,6.5,6.78,230.0,12.04,0.038,0.018,0.012,4.5,4.3,0.16,3.59,27.04,0.02,27.3,0.174,11.4,0.109,36.2
20,P03,629,26/02/2019,06/03/2019,F,6.5,6.92,245.0,12.22,0.032,0.019,0.013,5.5,3.7,0.192,3.46,26.21,0.05,28.9,0.186,10.6,0.089,43.7
20,P04,599,26/02/2019,06/03/2019,F,6.5,7.09,272.0,12.11,0.062,0.019,0.01,5.4,5.4,0.179,3.31,25.23,0.06,29.0,0.229,13.7,0.097,46.3
20,P05,431,26/02/2019,06/03/2019,F,6.9,7.12,306.0,12.08,0.067,0.024,0.015,5.5,6.1,0.174,3.18,24.36,0.02,27.9,0.246,17.7,0.101,58.9
20,P06,7239,26/02/2019,06/03/2019,F,6.3,7.38,268.0,12.43,0.047,0.019,0.012,5.4,4.6,0.188,3.44,26.09,0.02,30.3,0.208,12.3,0.1,47.1
20,P07,361,26/02/2019,06/03/2019,F,7.7,7.2,304.0,11.92,0.025,0.013,0.009,2.7,4.1,0.094,3.47,26.23,0.02,32.9,0.15,8.6,0.12,71.0
20,P08,1279,26/02/2019,06/03/2019,F,7.0,7.31,306.0,12.23,0.068,0.024,0.017,2.7,6.6,0.083,3.05,23.49,0.06,31.2,0.267,15.4,0.109,53.9
20,P09,12044,26/02/2019,06/03/2019,F,7.2,7.29,295.0,12.15,0.042,0.019,0.012,5.0,6.0,0.15,2.99,23.09,0.01,32.4,0.229,16.4,0.107,50.6
20,P10,5326,26/02/2019,06/03/2019,F,7.1,7.34,283.0,11.9,0.088,0.04,0.026,5.7,8.0,0.179,3.15,24.18,0.06,33.8,0.354,16.9,0.103,29.0
20,P11,155,26/02/2019,06/03/2019,F,9.7,6.68,251.0,11.19,0.056,0.039,0.028,3.4,3.6,0.072,2.13,17.52,0.05,30.1,0.157,12.3,0.089,43.9
20,P12,178,26/02/2019,06/03/2019,F,8.4,6.55,151.0,11.45,0.018,0.013,0.01,6.3,1.0,0.204,3.24,24.75,0.04,28.7,,7.1,0.074,11.2
20,P13,138,26/02/2019,06/03/2019,F,8.1,6.24,180.0,11.43,0.021,0.014,0.009,4.0,2.9,0.082,2.07,17.11,0.05,25.8,,9.4,0.078,22.8
20,P14,181,26/02/2019,06/03/2019,F,9.4,4.91,123.0,10.88,0.014,0.01,0.009,5.0,0.7,0.109,2.15,17.67,0.05,27.4,,6.0,,2.5
20,P15,80,26/02/2019,06/03/2019,F,8.4,5.03,113.7,9.95,0.012,0.01,0.009,4.0,0.9,0.079,1.96,16.44,0.08,23.5,,6.9,,3.6
20,P16,500,26/02/2019,06/03/2019,F,9.4,6.25,158.0,11.42,0.029,0.011,0.009,4.5,1.6,0.104,2.28,18.51,0.06,25.3,,7.6,,18.1
20,P17,547,26/02/2019,06/03/2019,F,9.8,6.73,251.0,11.39,0.036,0.018,0.012,3.3,5.0,0.083,2.52,20.05,0.06,25.9,0.199,13.4,0.085,44.7
20,P18,1439,26/02/2019,06/03/2019,F,8.8,6.74,166.0,11.66,0.032,0.014,0.01,4.0,1.9,0.1,2.5,19.95,0.05,21.7,,14.5,,18.3
20,P19,587,26/02/2019,06/03/2019,F,9.2,6.99,272.0,11.44,0.045,0.022,0.016,2.8,4.4,0.083,2.92,22.68,0.07,25.3,0.18,12.9,0.09,60.9
20,P20,933,26/02/2019,06/03/2019,F,9.0,7.12,245.0,11.44,0.065,0.036,0.026,4.1,5.5,0.121,2.96,22.92,0.06,26.2,0.217,14.0,0.097,37.1
20,P21,459,26/02/2019,06/03/2019,F,,,,,,,,,,,,,,,,,,
20,P22,1092,26/02/2019,06/03/2019,F,10.2,7.16,302.0,11.46,0.05,0.029,0.019,4.8,6.3,0.138,2.85,22.23,0.06,33.4,0.227,23.3,0.124,44.1
20,P23,458,26/02/2019,06/03/2019,F,9.4,7.04,257.0,11.4,0.048,0.022,0.015,4.6,5.5,0.127,2.77,21.72,0.07,28.9,0.197,16.7,0.102,37.1
20,P24,145,26/02/2019,06/03/2019,F,10.0,6.92,321.0,10.82,0.03,0.02,0.014,3.7,4.6,0.098,2.64,20.86,0.06,35.0,0.154,17.8,0.098,63.8
20,P25,414,26/02/2019,06/03/2019,F,9.5,6.81,307.0,11.39,0.034,0.017,0.013,2.4,4.7,0.071,2.92,22.66,0.07,31.8,0.176,12.6,0.107,66.5
20,P26,113,26/02/2019,06/03/2019,F,9.0,6.68,299.0,10.6,0.063,0.038,0.025,5.5,6.0,0.132,2.38,19.18,0.06,24.1,0.295,18.4,0.102,61.8
20,P27,1390,26/02/2019,06/03/2019,F,7.0,7.3,286.0,12.01,0.103,0.055,0.038,3.6,5.6,0.107,2.95,22.85,0.07,31.7,0.295,13.0,0.103,50.5
20,P28,2363,26/02/2019,06/03/2019,F,7.2,7.22,215.0,12.05,0.09,0.041,0.03,6.8,3.8,0.192,2.82,21.99,0.05,27.5,0.197,12.6,0.089,24.8
20,P29,156,26/02/2019,06/03/2019,F,7.4,7.03,184.0,12.11,0.027,0.017,0.011,6.2,2.5,0.21,3.4,25.78,0.04,21.2,0.114,11.7,0.078,27.6
20,P1sup,3484,26/02/2019,06/03/2019,F,7.0,7.41,253.0,12.22,0.033,0.017,0.012,3.9,4.7,0.117,3.01,23.28,0.01,30.3,0.192,16.6,0.108,33.0
20,P2sup,8951,26/02/2019,06/03/2019,F,7.0,7.27,290.0,12.02,0.072,0.037,0.025,5.5,7.6,0.149,2.72,21.35,0.06,32.9,0.323,18.2,0.101,34.4
20,P3sup,25540,26/02/2019,06/03/2019,F,7.2,7.36,285.0,12.12,0.059,0.026,0.017,4.7,5.8,0.139,2.99,23.13,0.05,32.1,0.233,15.7,0.106,43.2
20,YV2,30025,26/02/2019,06/03/2019,F,8.3,7.27,278.0,12.1,0.051,0.025,0.017,4.4,5.6,0.132,2.99,23.14,0.05,31.2,0.224,15.7,0.103,42.3
21,P01,1262,05/03/2019,15/03/2019,F,8.0,6.93,172.0,11.96,0.069,0.037,0.013,8.7,4.6,0.297,3.4,25.81,0.02,21.9,0.188,12.6,0.091,10.9
21,P02,553,05/03/2019,15/03/2019,F,8.3,6.96,230.0,11.56,0.112,0.052,0.023,9.9,5.5,0.334,3.37,25.6,0.02,28.9,0.224,11.1,0.108,27.0
21,P03,629,05/03/2019,15/03/2019,F,8.5,9.96,220.0,11.47,0.062,0.027,0.01,7.9,4.1,0.273,3.43,26.0,0.02,26.9,0.182,11.2,0.085,31.4
21,P04,599,05/03/2019,15/03/2019,F,9.2,7.08,252.0,11.51,0.08,0.03,0.012,6.4,5.7,0.216,3.39,25.75,0.04,27.4,0.255,13.8,0.095,37.9
21,P05,431,05/03/2019,15/03/2019,F,8.9,7.12,288.0,11.49,0.079,0.037,0.017,7.2,6.4,0.251,3.5,26.45,0.02,27.5,0.259,17.6,0.099,48.8
21,P06,7239,05/03/2019,15/03/2019,F,8.5,7.27,250.0,11.79,0.078,0.035,0.014,9.3,5.0,0.309,3.34,25.42,0.02,29.6,0.217,12.4,0.097,35.6
21,P07,361,05/03/2019,15/03/2019,F,9.3,7.07,300.0,11.34,0.038,0.021,0.008,4.6,4.7,0.157,3.39,25.72,0.01,32.9,0.177,9.9,0.118,63.4
21,P08,1279,05/03/2019,15/03/2019,F,8.9,7.2,294.0,11.66,0.084,0.023,0.019,4.7,7.4,0.144,3.06,23.57,0.07,31.7,0.313,15.5,0.109,45.8
21,P09,12044,05/03/2019,15/03/2019,F,8.5,7.19,258.0,11.58,0.099,0.04,0.014,9.2,5.7,0.307,3.34,25.43,0.02,29.6,0.235,15.0,0.102,32.8
21,P10,5326,05/03/2019,15/03/2019,F,8.8,7.19,270.0,11.4,0.179,0.071,0.033,10.8,8.3,0.323,2.98,23.08,0.02,33.1,0.343,15.8,0.102,19.6
21,P11,155,05/03/2019,15/03/2019,F,11.2,6.91,257.0,10.77,0.114,0.071,0.049,4.2,4.8,0.129,3.04,23.44,0.02,32.1,0.213,14.3,0.087,34.4
21,P12,178,05/03/2019,15/03/2019,F,9.9,5.9,141.0,11.25,0.03,0.022,0.009,9.1,1.2,0.326,3.57,26.88,0.02,29.2,,6.8,0.067,6.9
21,P13,138,05/03/2019,15/03/2019,F,9.9,6.25,150.0,11.29,0.03,0.019,0.007,4.6,1.7,0.118,2.56,20.29,0.05,27.0,,8.1,0.079,9.4
21,P14,181,05/03/2019,15/03/2019,F,10.2,4.8,125.0,11.3,0.02,0.015,0.007,4.6,0.6,0.116,2.5,19.96,0.05,28.0,,5.9,0.06,2.0
21,P15,80,05/03/2019,15/03/2019,F,9.4,5.11,113.0,10.26,0.018,0.015,0.007,3.9,0.9,0.088,2.24,18.27,0.07,23.6,,6.7,0.054,3.5
21,P16,500,05/03/2019,15/03/2019,F,10.0,6.17,146.0,11.2,0.029,0.017,0.007,4.1,1.5,0.106,2.56,20.34,0.06,25.3,,7.2,0.069,12.0
21,P17,547,05/03/2019,15/03/2019,F,10.8,6.63,239.0,11.2,0.061,0.031,0.013,5.1,6.8,0.179,3.49,26.37,0.09,24.4,0.245,13.4,0.078,30.8
21,P18,1439,05/03/2019,15/03/2019,F,10.2,6.76,153.0,11.33,0.039,0.021,0.007,3.9,1.8,0.108,2.77,21.71,0.05,22.1,0.099,13.2,0.066,12.6
21,P19,587,05/03/2019,15/03/2019,F,10.5,7.03,270.0,11.08,0.097,0.039,0.018,5.7,6.0,0.207,3.63,27.31,0.09,25.5,0.234,14.8,0.091,46.2
21,P20,933,05/03/2019,15/03/2019,F,10.2,7.09,238.0,11.0,0.093,0.049,0.025,6.0,6.7,0.214,3.58,26.99,0.07,26.4,0.247,13.8,0.097,27.6
21,P21,459,05/03/2019,15/03/2019,F,,,,,,,,,,,,,,,,,,
21,P22,1092,05/03/2019,15/03/2019,F,10.7,7.12,282.0,11.22,0.071,0.042,0.019,6.4,6.7,0.229,3.56,26.87,0.07,32.9,0.208,21.4,0.124,29.2
21,P23,458,05/03/2019,15/03/2019,F,10.3,7.07,252.0,11.03,0.076,0.037,0.016,6.4,6.0,0.23,3.58,26.94,0.05,29.8,0.226,16.5,0.099,26.7
21,P24,145,05/03/2019,15/03/2019,F,10.4,6.92,301.0,10.47,0.046,0.03,0.013,4.6,5.2,0.148,3.22,24.65,0.06,35.8,0.192,17.9,0.098,45.0
21,P25,414,05/03/2019,15/03/2019,F,10.7,6.95,297.0,11.14,0.057,0.029,0.011,5.2,6.2,0.187,3.61,27.16,0.09,31.6,0.231,13.5,0.108,50.4
21,P26,113,05/03/2019,15/03/2019,F,9.7,6.77,296.0,10.48,0.115,0.074,0.041,6.7,7.2,0.198,2.94,22.79,0.07,25.4,0.428,18.4,0.11,49.9
21,P27,1390,05/03/2019,15/03/2019,F,9.1,7.16,271.0,11.57,0.141,0.072,0.048,6.0,6.0,0.203,3.41,25.85,0.03,31.1,0.333,12.9,0.1,39.0
21,P28,2363,05/03/2019,15/03/2019,F,10.0,7.15,217.0,11.28,0.125,0.064,0.034,8.8,4.7,0.285,3.23,24.66,0.02,28.6,0.236,12.5,0.092,17.4
21,P29,156,05/03/2019,15/03/2019,F,9.7,7.17,172.0,11.42,0.055,0.033,0.014,7.7,2.8,0.289,3.76,28.15,0.02,21.7,0.152,11.4,0.078,17.9
21,P1sup,3484,05/03/2019,15/03/2019,F,8.3,7.25,214.0,11.83,0.078,0.039,0.013,8.4,4.7,0.3,3.58,27.0,0.02,26.2,0.228,14.0,0.098,19.9
21,P2sup,8951,05/03/2019,15/03/2019,F,8.8,7.29,268.0,11.38,0.139,0.064,0.033,8.2,7.3,0.275,3.34,25.44,0.03,32.2,0.32,16.6,0.1,23.0
21,P3sup,25540,05/03/2019,15/03/2019,F,8.8,7.26,258.0,11.48,0.115,0.049,0.021,8.7,6.0,0.306,3.5,26.47,0.03,30.6,0.264,14.8,0.102,28.1
21,YV2,30025,05/03/2019,15/03/2019,F,9.3,7.21,252.0,11.57,0.087,0.045,0.018,7.8,5.7,0.282,3.61,27.16,0.07,30.1,0.252,14.7,0.1,27.7
22,P01,1262,19/03/2019,21/03/2019,F,8.1,6.93,177.0,11.34,0.027,0.015,0.014,5.1,4.4,0.169,3.31,25.2,0.05,22.9,0.174,13.6,0.106,10.9
22,P02,553,19/03/2019,21/03/2019,F,8.4,6.98,221.0,11.5,0.048,0.023,0.018,6.3,5.1,0.237,3.78,28.25,0.04,26.8,0.191,10.3,0.113,29.3
22,P03,629,19/03/2019,21/03/2019,F,8.4,6.97,225.0,11.43,0.032,0.016,0.012,6.3,4.1,0.242,3.84,28.67,0.05,27.8,0.153,10.3,0.094,34.2
22,P04,599,19/03/2019,21/03/2019,F,9.0,7.15,254.0,11.42,0.069,0.026,0.015,6.2,5.7,0.233,3.76,28.12,0.07,28.3,0.228,13.7,0.099,36.4
22,P05,431,19/03/2019,21/03/2019,F,9.0,7.18,292.0,11.3,0.066,0.03,0.019,6.2,6.7,0.234,3.8,28.38,0.06,27.5,0.297,16.9,0.104,49.4
22,P06,7239,19/03/2019,21/03/2019,F,8.6,7.25,247.0,11.66,0.04,0.02,0.013,4.6,5.5,0.157,3.44,26.06,0.05,30.2,0.21,15.6,0.113,27.2
22,P07,361,19/03/2019,21/03/2019,F,8.9,7.25,235.0,11.61,0.03,0.014,0.011,3.2,4.5,0.137,4.23,31.18,0.04,33.0,0.16,8.6,0.123,63.0
22,P08,1279,19/03/2019,21/03/2019,F,9.5,7.23,295.0,11.25,0.058,0.024,0.017,2.8,7.6,0.102,3.64,27.34,0.07,31.2,0.268,15.0,0.116,47.1
22,P09,12044,19/03/2019,21/03/2019,F,9.2,7.28,279.0,11.5,0.051,0.021,0.013,4.9,6.0,0.186,3.82,28.57,0.05,31.4,0.208,15.6,0.112,40.7
22,P10,5326,19/03/2019,21/03/2019,F,9.4,7.36,298.0,11.4,0.108,0.057,0.041,6.7,10.0,0.239,3.56,26.87,0.07,34.3,0.371,15.4,0.114,17.9
22,P11,155,19/03/2019,21/03/2019,F,9.3,7.24,272.0,11.24,0.076,0.05,0.043,2.6,4.3,0.075,2.92,22.68,0.06,30.0,0.185,11.8,0.092,35.1
22,P12,178,19/03/2019,21/03/2019,F,8.9,7.32,268.0,11.4,0.024,0.014,0.012,6.2,0.9,0.222,3.59,27.06,0.04,29.3,,6.3,0.076,6.4
22,P13,138,19/03/2019,21/03/2019,F,8.8,7.34,272.0,11.33,0.026,0.013,0.011,4.6,2.7,0.102,2.24,18.2,0.03,26.1,0.125,7.9,0.083,12.3
22,P14,181,19/03/2019,21/03/2019,F,9.0,7.29,276.0,10.76,0.019,0.01,0.01,4.4,0.6,0.105,2.38,19.13,0.06,28.2,,5.9,0.062,1.7
22,P15,80,19/03/2019,21/03/2019,F,9.5,7.27,203.0,11.37,0.015,0.01,0.01,3.5,1.0,0.076,2.14,17.56,0.08,23.4,,6.7,0.059,2.3
22,P16,500,19/03/2019,21/03/2019,F,9.1,7.1,175.0,11.46,0.03,0.013,0.011,4.0,1.5,0.098,2.46,19.68,0.07,25.9,,7.1,0.07,9.3
22,P17,547,19/03/2019,21/03/2019,F,10.5,6.88,241.0,10.94,0.037,0.019,0.015,3.3,5.5,0.106,3.24,24.73,0.03,25.8,0.2,12.3,0.088,35.4
22,P18,1439,19/03/2019,21/03/2019,F,9.2,6.26,141.0,11.17,0.042,0.015,0.011,4.1,2.1,0.115,2.82,22.01,0.02,22.2,0.101,12.2,0.069,10.3
22,P19,587,19/03/2019,21/03/2019,F,9.5,6.39,154.0,11.13,0.043,0.023,0.017,2.8,5.1,0.095,3.36,25.51,0.07,25.5,0.189,12.5,0.096,50.4
22,P20,933,19/03/2019,21/03/2019,F,9.3,5.0,124.0,10.66,0.066,0.033,0.024,4.3,6.3,0.145,3.39,25.72,0.07,26.1,0.231,13.2,0.103,29.6
22,P21,459,19/03/2019,21/03/2019,F,,,,,,,,,,,,,,,,,,
22,P22,1092,19/03/2019,21/03/2019,F,9.0,5.16,110.0,9.25,0.051,0.027,0.019,4.1,7.3,0.128,3.1,23.83,0.07,35.4,0.233,20.6,0.131,38.1
22,P23,458,19/03/2019,21/03/2019,F,9.8,6.26,142.0,11.25,0.045,0.021,0.016,4.6,6.4,0.145,3.17,24.32,0.03,28.6,0.208,16.5,0.113,30.5
22,P24,145,19/03/2019,21/03/2019,F,10.1,6.85,236.0,11.24,0.033,0.02,0.016,3.7,5.4,0.107,2.91,22.58,0.03,34.7,0.183,18.1,0.107,47.3
22,P25,414,19/03/2019,21/03/2019,F,10.1,6.84,149.0,11.2,0.033,0.018,0.014,2.8,5.3,0.085,3.02,23.31,0.05,31.2,0.192,12.3,0.109,57.7
22,P26,113,19/03/2019,21/03/2019,F,9.8,6.87,298.0,10.2,0.126,0.085,0.053,6.5,8.2,0.173,2.64,20.87,0.07,25.5,0.604,17.3,0.112,50.7
22,P27,1390,19/03/2019,21/03/2019,F,10.3,7.06,300.0,11.14,0.097,0.056,0.045,4.1,6.2,0.138,3.4,25.81,0.07,31.1,0.242,12.2,0.108,42.7
22,P28,2363,19/03/2019,21/03/2019,F,10.6,6.97,300.0,10.2,0.094,0.053,0.04,7.0,4.7,0.226,3.22,24.61,0.05,28.5,0.231,11.5,0.099,15.6
22,P29,156,19/03/2019,21/03/2019,F,10.4,7.06,260.0,11.15,0.037,0.022,0.016,7.0,3.1,0.262,3.76,28.16,0.04,21.6,0.138,10.5,0.087,20.3
22,P1sup,3484,19/03/2019,21/03/2019,F,10.2,7.16,237.0,11.12,0.037,0.02,0.014,4.9,5.3,0.162,3.27,24.96,0.05,28.8,0.2,15.3,0.111,26.3
22,P2sup,8951,19/03/2019,21/03/2019,F,10.4,7.25,253.0,11.01,0.072,0.042,0.031,5.4,8.8,0.184,3.44,26.06,0.07,33.0,0.292,16.9,0.109,22.1
22,P3sup,25540,19/03/2019,21/03/2019,F,9.3,7.32,263.0,11.63,0.061,0.03,0.022,5.3,6.6,0.181,3.43,26.02,0.06,31.6,0.235,14.8,0.111,33.9
22,YV2,30025,19/03/2019,21/03/2019,F,11.1,7.08,305.0,10.98,0.059,0.031,0.021,5.0,6.2,0.175,3.49,26.4,0.06,30.9,0.226,14.6,0.108,32.5
23,P01,1262,02/04/2019,10/04/2019,F,9.0,6.75,182.5,11.25,0.021,0.011,0.009,3.5,4.4,0.11,3.12,23.99,0.02,23.6,0.154,15.3,0.111,11.5
23,P02,553,02/04/2019,10/04/2019,F,8.8,6.95,221.0,11.08,0.039,0.016,0.011,3.6,5.3,0.152,4.21,31.1,0.05,26.6,0.192,9.9,0.117,31.8
23,P03,629,02/04/2019,10/04/2019,F,9.0,7.0,234.0,11.21,0.023,0.013,0.009,5.2,4.4,0.187,3.61,27.17,0.02,28.6,0.152,9.6,0.099,38.4
23,P04,599,02/04/2019,10/04/2019,F,10.0,7.18,257.0,11.03,0.05,0.019,0.012,5.7,6.7,0.175,3.08,23.74,0.02,28.3,0.239,12.6,0.101,37.1
23,P05,431,02/04/2019,10/04/2019,F,10.0,7.2,300.0,11.76,0.159,0.023,0.015,4.6,8.0,0.178,3.87,28.86,0.02,28.5,0.268,16.6,0.112,51.6
23,P06,7239,02/04/2019,10/04/2019,F,9.6,7.35,269.0,11.3,0.034,0.014,0.009,3.6,6.5,0.117,3.22,24.63,0.02,33.2,0.221,16.3,0.117,30.7
23,P07,361,02/04/2019,10/04/2019,F,9.3,7.36,294.0,11.15,0.026,0.011,0.009,2.5,4.8,0.11,4.36,32.08,0.04,33.0,0.164,7.6,0.127,64.6
23,P08,1279,02/04/2019,10/04/2019,F,9.0,7.44,298.0,11.27,0.048,0.021,0.015,3.2,8.7,0.089,2.77,21.67,0.02,32.0,0.266,14.5,0.121,43.7
23,P09,12044,02/04/2019,10/04/2019,F,10.2,7.41,284.0,11.07,0.044,0.016,0.01,4.2,6.8,0.141,3.37,25.63,0.03,31.6,0.22,15.2,0.115,42.7
23,P10,5326,02/04/2019,10/04/2019,F,10.3,7.31,276.0,10.3,0.102,0.045,0.032,6.9,10.6,0.226,3.26,24.86,0.03,35.7,0.302,14.3,0.123,14.9
23,P11,155,02/04/2019,10/04/2019,F,10.9,7.12,236.0,10.92,0.072,0.045,0.038,3.2,5.1,0.069,2.17,17.78,0.02,30.0,0.269,10.7,0.096,32.0
23,P12,178,02/04/2019,10/04/2019,F,10.4,6.31,139.0,10.88,0.027,0.013,0.011,6.5,0.7,0.187,2.9,22.55,0.02,29.2,,5.9,0.086,6.2
23,P13,138,02/04/2019,10/04/2019,F,10.1,6.41,163.0,10.83,0.021,0.012,0.01,4.4,3.0,0.082,1.87,15.79,0.02,25.4,0.102,7.7,0.092,15.4
23,P14,181,02/04/2019,10/04/2019,F,10.6,4.89,125.0,10.26,0.014,0.008,0.009,4.3,0.7,0.087,1.99,16.61,0.02,29.1,,5.8,0.073,1.0
23,P15,80,02/04/2019,10/04/2019,F,9.6,4.97,109.0,9.33,0.011,0.008,0.009,3.2,1.2,0.066,2.03,16.83,0.08,23.8,,6.8,0.065,1.5
23,P16,500,02/04/2019,10/04/2019,F,11.3,6.34,145.0,10.56,0.027,0.012,0.01,4.1,2.1,0.095,2.31,18.67,0.07,26.4,0.074,7.2,0.079,8.1
23,P17,547,02/04/2019,10/04/2019,F,10.0,6.83,231.0,11.11,0.035,0.018,0.014,2.4,6.5,0.087,3.62,27.26,0.07,26.1,0.223,12.0,0.091,30.0
23,P18,1439,02/04/2019,10/04/2019,F,11.8,6.86,148.0,10.7,0.036,0.014,0.01,3.9,2.7,0.106,2.74,21.5,0.06,22.7,0.118,11.4,0.075,7.9
23,P19,587,02/04/2019,10/04/2019,F,10.2,7.2,254.0,11.11,0.032,0.016,0.012,2.9,5.5,0.088,3.06,23.55,0.08,25.4,0.192,12.4,0.099,46.3
23,P20,933,02/04/2019,10/04/2019,F,10.3,7.22,234.0,11.0,0.107,0.029,0.021,4.1,7.3,0.142,3.51,26.5,0.07,27.0,0.24,13.0,0.109,24.8
23,P21,459,02/04/2019,10/04/2019,F,,,,,,,,,,,,,,,,,,
23,P22,1092,02/04/2019,10/04/2019,F,11.6,7.23,310.0,10.7,0.055,0.025,0.017,2.6,9.2,0.125,4.77,34.75,0.08,35.5,0.239,21.9,0.14,36.1
23,P23,458,02/04/2019,10/04/2019,F,10.8,7.23,255.0,10.77,0.037,0.018,0.013,4.0,7.9,0.139,3.48,26.32,0.08,29.6,0.234,16.2,0.117,25.0
23,P24,145,02/04/2019,10/04/2019,F,10.0,7.08,290.0,10.76,0.031,0.019,0.014,3.8,6.7,0.117,3.04,23.43,0.07,36.3,0.196,17.4,0.118,33.6
23,P25,414,02/04/2019,10/04/2019,F,9.9,7.14,296.0,11.17,0.028,0.015,0.012,1.9,6.0,0.071,3.8,28.44,0.08,32.3,0.213,12.1,0.115,54.3
23,P26,113,02/04/2019,10/04/2019,F,10.1,7.03,294.0,10.65,0.137,0.074,0.038,6.6,9.4,0.172,2.59,20.54,0.08,27.3,0.465,16.1,0.122,42.2
23,P27,1390,02/04/2019,10/04/2019,F,9.1,7.32,280.0,11.31,0.126,0.081,0.067,3.7,6.5,0.116,3.18,24.35,0.03,32.3,0.283,11.7,0.114,42.8
23,P28,2363,02/04/2019,10/04/2019,F,9.8,7.44,197.0,11.1,0.108,0.065,0.049,6.7,4.8,0.228,3.42,25.93,0.02,28.8,0.219,10.2,0.107,12.4
23,P29,156,02/04/2019,10/04/2019,F,9.7,7.04,173.0,11.12,0.031,0.019,0.014,7.1,2.9,0.273,3.85,28.75,0.02,22.4,0.136,9.1,0.094,20.3
23,P1sup,3484,02/04/2019,10/04/2019,F,9.6,7.39,262.0,11.23,0.028,0.015,0.012,3.8,5.7,0.118,3.12,23.97,0.02,32.4,0.201,16.2,0.117,29.8
23,P2sup,8951,02/04/2019,10/04/2019,F,10.1,7.45,291.0,10.58,0.081,0.044,0.032,4.6,10.4,0.17,3.68,27.65,0.03,35.7,0.275,17.9,0.118,19.2
23,P3sup,25540,02/04/2019,10/04/2019,F,10.4,7.42,278.0,10.73,0.057,0.027,0.018,4.0,7.1,0.152,3.79,28.32,0.02,32.9,0.226,14.6,0.117,34.7
23,YV2,30025,02/04/2019,10/04/2019,F,11.2,7.32,271.0,10.85,0.061,0.026,0.017,3.9,7.3,0.146,3.76,28.13,0.07,32.2,0.228,14.3,0.113,32.8
24,P01,1262,16/04/2019,18/04/2019,F,9.9,6.95,183.4,10.76,0.024,0.012,0.008,4.1,4.6,0.131,3.2,24.48,0.06,23.2,0.167,14.1,0.105,10.5
24,P02,553,16/04/2019,18/04/2019,F,10.2,7.05,217.0,10.75,0.041,0.021,0.014,5.2,6.0,0.177,3.44,26.03,0.04,26.7,0.21,9.2,0.115,28.8
24,P03,629,16/04/2019,18/04/2019,F,10.2,7.09,224.0,10.88,0.03,0.015,0.01,5.5,4.3,0.225,4.11,30.43,0.05,27.9,0.17,9.5,0.095,33.9
24,P04,599,16/04/2019,18/04/2019,F,11.0,7.29,251.0,10.8,0.056,0.022,0.012,5.4,6.7,0.204,3.78,28.29,0.07,28.1,0.252,12.0,0.098,34.5
24,P05,431,16/04/2019,18/04/2019,F,10.7,7.33,288.0,10.81,0.066,0.026,0.015,5.2,8.2,0.214,4.11,30.44,0.03,27.9,0.29,16.3,0.109,45.2
24,P06,7239,16/04/2019,18/04/2019,F,10.3,7.4,253.0,11.15,0.038,0.019,0.011,4.1,6.3,0.132,3.22,24.64,0.02,30.9,0.233,15.8,0.113,27.8
24,P07,361,16/04/2019,18/04/2019,F,10.8,7.25,281.0,10.68,0.027,0.012,0.008,3.0,4.6,0.131,4.44,32.6,0.03,32.0,0.161,7.3,0.122,60.2
24,P08,1279,16/04/2019,18/04/2019,F,11.4,7.4,295.0,10.56,0.059,0.026,0.017,3.3,9.3,0.114,3.49,26.41,0.04,32.4,0.31,14.2,0.12,39.8
24,P09,12044,16/04/2019,18/04/2019,F,11.1,7.43,273.0,11.04,0.047,0.017,0.009,4.1,6.5,0.152,3.69,27.71,0.06,31.2,0.226,14.6,0.111,38.8
24,P10,5326,16/04/2019,18/04/2019,F,11.6,7.42,263.0,10.49,0.099,0.047,0.033,6.9,10.6,0.243,3.51,26.54,0.05,34.2,0.28,13.7,0.116,12.8
24,P11,155,16/04/2019,18/04/2019,F,13.1,7.07,241.0,9.92,0.166,0.086,0.069,3.7,5.7,0.096,2.56,20.33,0.03,31.0,0.391,10.7,0.094,29.4
24,P12,178,16/04/2019,18/04/2019,F,12.5,6.37,135.0,10.25,0.029,0.013,0.011,6.1,0.7,0.183,2.99,23.14,0.02,29.8,,5.7,0.084,4.3
24,P13,138,16/04/2019,18/04/2019,F,12.1,6.54,158.0,9.91,0.033,0.017,0.011,5.4,3.4,0.103,1.91,16.09,0.02,26.3,0.131,8.1,0.096,9.6
24,P14,181,16/04/2019,18/04/2019,F,12.4,4.99,123.0,9.85,0.016,0.01,0.008,4.0,0.7,0.085,2.1,17.3,0.06,29.1,,5.8,,1.0
24,P15,80,16/04/2019,18/04/2019,F,10.8,5.01,108.0,8.44,0.014,0.009,0.008,3.7,1.0,0.061,1.62,14.21,0.03,23.9,,6.8,0.071,1.3
24,P16,500,16/04/2019,18/04/2019,F,12.8,6.39,131.0,10.03,0.034,0.014,0.009,4.5,1.9,0.098,2.19,17.9,0.04,26.6,,6.9,0.076,5.3
24,P17,547,16/04/2019,18/04/2019,F,12.9,7.15,223.0,10.49,0.051,0.019,0.014,2.5,7.0,0.095,3.82,28.56,0.07,26.1,0.232,11.4,0.089,25.7
24,P18,1439,16/04/2019,18/04/2019,F,13.2,7.03,141.0,10.29,0.049,0.019,0.01,4.4,2.8,0.12,2.71,21.29,0.04,22.7,0.12,10.8,0.072,5.3
24,P19,587,16/04/2019,18/04/2019,F,13.3,7.38,248.0,10.38,0.038,0.019,0.012,3.3,6.5,0.107,3.28,25.0,0.08,26.0,0.221,12.7,0.097,38.9
24,P20,933,16/04/2019,18/04/2019,F,13.3,7.37,234.0,10.28,0.083,0.028,0.016,4.9,8.5,0.168,3.44,26.06,0.04,27.7,0.258,13.0,0.105,20.5
24,P21,459,16/04/2019,18/04/2019,F,,,,,,,,,,,,,,,,,,
24,P22,1092,16/04/2019,18/04/2019,F,14.5,7.31,285.0,10.13,0.083,0.037,0.024,5.2,9.4,0.176,3.42,25.9,0.08,32.5,0.297,22.4,0.133,26.5
24,P23,458,16/04/2019,18/04/2019,F,13.5,7.31,254.0,10.02,0.04,0.021,0.013,4.6,9.0,0.154,3.38,25.68,0.08,30.1,0.247,16.4,0.116,21.1
24,P24,145,16/04/2019,18/04/2019,F,12.7,7.19,273.0,9.57,0.039,0.023,0.014,4.2,8.2,0.143,3.4,25.79,0.08,37.0,0.224,16.9,0.12,20.3
24,P25,414,16/04/2019,18/04/2019,F,12.4,7.28,292.0,10.52,0.03,0.017,0.011,3.7,8.4,0.088,2.37,19.08,0.03,33.1,0.259,12.2,0.112,48.4
24,P26,113,16/04/2019,18/04/2019,F,11.2,7.39,272.0,10.74,0.081,0.043,0.019,6.6,10.3,0.174,2.65,20.9,0.08,27.0,0.33,14.3,0.117,28.3
24,P27,1390,16/04/2019,18/04/2019,F,12.6,7.23,265.0,9.89,0.133,0.089,0.069,4.6,7.0,0.138,2.97,23.02,0.03,32.0,0.298,11.4,0.11,38.4
24,P28,2363,16/04/2019,18/04/2019,F,12.6,7.44,192.0,10.68,0.12,0.067,0.048,7.3,5.0,0.251,3.42,25.96,0.06,29.3,0.213,9.5,0.105,10.1
24,P29,156,16/04/2019,18/04/2019,F,11.4,7.17,164.0,10.75,0.037,0.021,0.013,7.0,3.2,0.263,3.79,28.31,0.05,23.0,0.149,8.5,0.095,15.8
24,P1sup,3484,16/04/2019,18/04/2019,F,10.2,7.35,251.0,10.86,0.211,0.07,0.057,4.6,6.0,0.134,2.89,22.49,0.02,30.5,0.229,16.0,0.113,26.7
24,P2sup,8951,16/04/2019,18/04/2019,F,11.1,7.42,276.0,10.26,0.096,0.048,0.035,5.9,11.7,0.196,3.35,25.47,0.08,34.6,0.289,17.2,0.113,15.3
24,P3sup,25540,16/04/2019,18/04/2019,F,10.9,7.49,271.0,10.68,0.065,0.03,0.019,5.1,7.6,0.164,3.19,24.45,0.06,32.5,0.245,14.4,0.11,31.3
24,YV2,30025,16/04/2019,18/04/2019,F,11.1,7.47,262.0,10.56,0.067,0.031,0.019,4.8,7.7,0.163,3.41,25.86,0.05,31.8,0.238,14.0,0.109,28.6
25,P01,1262,30/04/2019,02/05/2019,F,10.3,6.87,175.0,11.08,0.021,0.008,0.014,4.0,4.5,0.13,3.29,25.06,0.03,23.3,0.188,14.3,0.11,8.3
25,P02,553,30/04/2019,02/05/2019,F,9.9,7.07,216.0,11.01,0.039,0.019,0.016,5.2,6.0,0.187,3.58,26.95,0.02,26.3,0.317,8.7,0.118,25.9
25,P03,629,30/04/2019,02/05/2019,F,9.9,7.13,221.0,11.17,0.026,0.013,0.012,6.0,4.4,0.234,3.91,29.13,0.02,27.7,0.187,9.2,0.101,31.9
25,P04,599,30/04/2019,02/05/2019,F,11.1,7.31,250.0,10.89,0.066,0.021,0.015,5.6,7.1,0.2,3.59,27.05,0.03,27.8,0.288,11.5,0.099,31.7
25,P05,431,30/04/2019,02/05/2019,F,11.0,7.31,287.0,10.78,0.068,0.024,0.02,6.1,7.8,0.211,3.46,26.18,0.02,27.8,0.338,15.7,0.11,44.0
25,P06,7239,30/04/2019,02/05/2019,F,10.4,7.44,254.0,11.08,0.053,0.023,0.017,4.2,6.6,0.151,3.56,26.86,0.02,32.1,0.331,16.1,0.118,26.5
25,P07,361,30/04/2019,02/05/2019,F,10.0,7.37,280.0,11.16,0.022,0.009,0.012,3.3,4.7,0.141,4.3,31.64,0.02,31.4,0.185,7.2,0.122,59.2
25,P08,1279,30/04/2019,02/05/2019,F,10.7,7.48,293.0,10.98,0.061,0.026,0.02,3.2,10.1,0.117,3.6,27.11,0.03,31.8,0.333,13.5,0.121,35.3
25,P09,12044,30/04/2019,02/05/2019,F,11.2,7.47,282.0,10.98,0.053,0.017,0.013,4.7,7.5,0.175,3.73,27.96,0.02,31.1,0.285,15.8,0.114,36.4
25,P10,5326,30/04/2019,02/05/2019,F,12.0,7.38,263.0,9.86,0.135,0.071,0.055,8.3,11.8,0.324,3.93,29.22,0.02,35.4,0.336,12.2,0.125,9.5
25,P11,155,30/04/2019,02/05/2019,F,11.9,7.11,232.0,10.2,0.108,0.066,0.059,3.5,5.4,0.088,2.54,20.2,0.02,30.2,0.321,10.1,0.095,27.0
25,P12,178,30/04/2019,02/05/2019,F,11.7,6.17,134.0,10.67,0.036,0.015,0.012,7.7,0.6,0.27,3.5,26.47,0.02,30.4,,5.0,0.088,3.2
25,P13,138,30/04/2019,02/05/2019,F,11.7,6.49,147.0,10.34,0.028,0.01,0.011,5.9,2.6,0.122,2.06,17.05,0.02,26.6,0.116,6.0,0.108,6.5
25,P14,181,30/04/2019,02/05/2019,F,12.9,4.93,125.0,9.64,0.011,0.005,0.009,4.0,0.6,0.085,2.12,17.46,0.02,29.5,,5.5,0.076,0.8
25,P15,80,30/04/2019,02/05/2019,F,11.0,5.03,109.0,9.87,0.009,0.005,0.008,4.0,0.9,0.059,1.49,13.34,0.03,24.0,0.1,6.7,0.078,1.0
25,P16,500,30/04/2019,02/05/2019,F,14.2,6.47,138.0,9.86,0.032,0.013,0.011,4.7,2.0,0.109,2.34,18.87,0.03,26.6,,6.5,0.078,3.9
25,P17,547,30/04/2019,02/05/2019,F,12.4,7.07,219.0,10.56,0.042,0.02,0.017,3.9,6.4,0.118,3.02,23.34,0.03,25.6,0.259,11.0,0.089,22.8
25,P18,1439,30/04/2019,02/05/2019,F,14.2,7.02,139.0,10.06,0.049,0.019,0.012,4.4,2.4,0.139,3.13,24.04,0.02,22.7,0.162,9.9,0.077,3.9
25,P19,587,30/04/2019,02/05/2019,F,11.6,7.35,245.0,10.88,0.042,0.019,0.016,3.8,7.7,0.135,3.55,26.81,0.08,25.6,0.289,13.0,0.098,34.5
25,P20,933,30/04/2019,02/05/2019,F,12.2,7.34,228.0,10.49,0.106,0.037,0.022,5.2,9.2,0.219,4.22,31.13,0.05,26.7,0.288,11.8,0.107,13.6
25,P21,459,30/04/2019,02/05/2019,F,,,,,,,,,,,,,,,,,,
25,P22,1092,30/04/2019,02/05/2019,F,13.5,7.38,290.0,10.37,0.065,0.027,0.02,6.2,9.1,0.214,3.45,26.12,0.06,33.4,0.282,20.4,0.139,24.4
25,P23,458,30/04/2019,02/05/2019,F,13.3,7.33,251.0,10.07,0.051,0.029,0.02,6.1,9.9,0.205,3.35,25.49,0.06,29.0,0.308,15.2,0.118,14.1
25,P24,145,30/04/2019,02/05/2019,F,12.5,7.12,265.0,9.74,0.04,0.026,0.021,5.3,10.7,0.175,3.32,25.3,0.06,36.3,0.268,15.6,0.136,6.6
25,P25,414,30/04/2019,02/05/2019,F,11.3,7.3,287.0,10.9,0.03,0.014,0.013,3.2,7.5,0.099,3.1,23.82,0.11,32.3,0.261,11.6,0.113,42.7
25,P26,113,30/04/2019,02/05/2019,F,10.4,7.44,276.0,11.01,0.127,0.064,0.034,8.1,11.8,0.231,2.85,22.22,0.09,28.7,0.509,14.4,0.13,19.3
25,P27,1390,30/04/2019,02/05/2019,F,12.7,7.14,274.0,9.9,0.177,0.122,0.106,4.6,7.4,0.152,3.29,25.09,0.03,32.0,0.315,11.1,0.114,37.1
25,P28,2363,30/04/2019,02/05/2019,F,11.6,7.44,187.0,10.68,0.153,0.082,0.062,8.1,5.0,0.311,3.85,28.76,0.02,28.8,0.243,7.9,0.11,7.4
25,P29,156,30/04/2019,02/05/2019,F,10.5,7.13,160.0,10.82,0.051,0.026,0.018,9.5,3.5,0.371,3.91,29.1,0.02,24.0,0.228,7.0,0.105,11.1
25,P1sup,3484,30/04/2019,02/05/2019,F,10.5,7.38,255.0,11.05,0.055,0.023,0.018,5.2,5.9,0.155,3.01,23.25,0.02,31.7,0.33,16.0,0.116,27.3
25,P2sup,8951,30/04/2019,02/05/2019,F,11.3,7.45,268.0,10.14,0.121,0.063,0.048,5.9,10.7,0.247,4.17,30.81,0.04,33.5,0.314,14.2,0.118,11.9
25,P3sup,25540,30/04/2019,02/05/2019,F,11.5,7.49,268.0,10.71,0.084,0.037,0.027,6.0,7.9,0.206,3.41,25.86,0.02,32.1,0.275,13.7,0.115,27.4
25,YV2,30025,30/04/2019,02/05/2019,F,12.3,7.47,258.0,10.62,0.089,0.045,0.035,6.3,7.8,0.219,3.47,26.27,0.05,31.3,0.296,13.3,0.11,23.9
26,P01,1262,13/05/2019,22/05/2019,F,10.5,6.8,175.0,11.06,0.034,0.022,0.01,6.9,5.1,0.218,3.15,24.19,0.06,22.1,0.247,12.7,0.093,9.9
26,P02,553,13/05/2019,22/05/2019,F,10.0,6.98,218.0,11.11,0.052,0.032,0.014,6.7,6.4,0.244,3.64,27.34,0.07,26.0,0.299,8.9,0.11,24.1
26,P03,629,13/05/2019,22/05/2019,F,10.4,7.11,204.0,11.0,0.038,0.02,0.007,7.9,4.8,0.327,4.14,30.62,0.08,25.2,0.216,9.1,0.09,23.9
26,P04,599,13/05/2019,22/05/2019,F,11.4,7.28,239.0,10.84,0.088,0.022,0.007,6.2,8.3,0.245,3.97,29.51,0.1,25.8,0.327,11.0,0.092,24.6
26,P05,431,13/05/2019,22/05/2019,F,11.8,7.26,275.0,10.6,0.074,0.044,0.022,5.9,9.1,0.248,4.18,30.88,0.07,25.7,0.422,15.0,0.096,36.2
26,P06,7239,13/05/2019,22/05/2019,F,11.2,7.38,239.0,10.4,0.052,0.028,0.011,6.9,7.1,0.292,4.2,30.99,0.09,27.4,0.292,10.5,0.088,27.2
26,P07,361,13/05/2019,22/05/2019,F,11.2,7.19,282.0,10.2,0.012,0.02,0.007,4.7,5.3,0.185,3.9,29.05,0.07,30.5,0.227,8.8,0.116,54.5
26,P08,1279,13/05/2019,22/05/2019,F,10.8,7.35,311.0,10.95,0.073,0.047,0.021,3.3,12.4,0.15,4.51,33.0,0.11,30.2,1.568,14.2,0.113,35.4
26,P09,12044,13/05/2019,22/05/2019,F,11.6,7.3,263.0,10.96,0.059,0.03,0.011,6.5,8.0,0.254,3.91,29.12,0.09,29.4,0.315,15.1,0.098,28.0
26,P10,5326,13/05/2019,22/05/2019,F,11.7,7.2,293.0,9.67,0.136,0.091,0.041,9.7,11.2,0.374,3.84,28.69,0.09,34.6,0.465,14.2,0.103,17.8
26,P11,155,13/05/2019,22/05/2019,F,11.7,7.03,233.0,10.62,0.099,0.066,0.051,2.3,6.0,0.103,4.44,32.55,0.09,29.6,0.321,10.4,0.091,25.1
26,P12,178,13/05/2019,22/05/2019,F,11.7,6.07,135.0,10.43,0.035,0.017,0.008,8.2,0.8,0.306,3.72,27.9,0.05,30.0,,4.7,0.082,3.2
26,P13,138,13/05/2019,22/05/2019,F,11.6,6.44,152.0,10.2,0.031,0.02,0.007,5.7,3.5,0.141,2.48,19.8,0.08,26.4,0.167,6.7,0.114,4.8
26,P14,181,13/05/2019,22/05/2019,F,13.9,4.91,124.0,9.8,0.012,0.01,0.004,4.4,0.7,0.084,1.92,16.17,0.08,28.5,,5.3,0.074,0.8
26,P15,80,13/05/2019,22/05/2019,F,11.1,5.01,108.0,9.42,0.009,0.008,0.004,3.2,0.7,0.046,1.47,13.19,0.11,23.4,,6.4,0.077,0.7
26,P16,500,13/05/2019,22/05/2019,F,14.2,6.48,141.0,9.96,0.031,0.02,0.005,4.7,2.3,0.111,2.34,18.88,0.1,25.6,,6.1,0.076,4.8
26,P17,547,13/05/2019,22/05/2019,F,13.0,7.05,229.0,10.44,0.053,0.038,0.019,3.7,7.7,0.136,3.71,27.83,0.1,25.4,0.316,11.7,0.082,23.2
26,P18,1439,13/05/2019,22/05/2019,F,14.4,6.99,137.0,10.07,0.051,0.022,0.006,4.8,3.2,0.144,2.98,23.07,0.09,21.8,0.176,9.4,0.074,2.8
26,P19,587,13/05/2019,22/05/2019,F,12.7,7.26,251.0,10.46,0.049,0.028,0.007,4.4,8.6,0.186,4.26,31.42,0.12,24.4,0.33,12.8,0.086,31.4
26,P20,933,13/05/2019,22/05/2019,F,12.6,7.25,226.0,10.35,0.134,0.038,0.013,5.2,10.6,0.25,4.83,35.1,0.11,25.4,0.335,11.5,0.091,11.5
26,P21,459,13/05/2019,22/05/2019,,,,,,,,,,,,,,,,,,,
26,P22,1092,13/05/2019,22/05/2019,F,14.0,7.3,270.0,10.42,0.059,0.036,0.013,5.5,10.7,0.241,4.4,32.29,0.11,29.3,0.344,19.4,0.119,16.5
26,P23,458,13/05/2019,22/05/2019,F,12.7,7.26,263.0,10.26,0.068,0.039,0.014,9.1,10.1,0.328,3.61,27.18,0.12,28.0,0.348,15.0,0.097,15.2
26,P24,145,13/05/2019,22/05/2019,F,12.5,6.94,263.0,9.07,0.044,0.035,0.017,5.8,11.9,0.216,3.73,27.92,0.11,35.3,0.305,15.2,0.122,5.9
26,P25,414,13/05/2019,22/05/2019,F,12.1,7.05,276.0,10.49,0.036,0.022,0.009,3.7,9.7,0.145,3.94,29.32,0.12,29.8,0.316,11.2,0.101,33.9
26,P26,113,13/05/2019,22/05/2019,F,10.7,7.32,283.0,10.79,0.212,0.105,0.037,13.0,13.9,0.38,2.92,22.67,0.09,26.9,0.816,11.1,0.116,17.5
26,P27,1390,13/05/2019,22/05/2019,F,12.7,7.07,267.0,10.01,0.2,0.141,0.112,6.7,8.6,0.22,3.27,24.95,0.11,31.9,0.505,12.0,0.102,34.8
26,P28,2363,13/05/2019,22/05/2019,F,12.0,7.31,183.0,10.44,0.132,0.078,0.049,8.9,6.2,0.32,3.62,27.23,0.08,26.0,0.282,8.4,0.095,6.6
26,P29,156,13/05/2019,22/05/2019,F,10.7,7.12,161.0,10.84,0.079,0.031,0.015,9.9,4.5,0.384,3.88,28.94,0.07,22.4,0.238,7.2,0.095,10.5
26,P1sup,3484,13/05/2019,22/05/2019,F,11.1,7.36,232.0,10.6,0.05,0.031,0.011,6.4,7.0,0.231,3.6,27.08,0.08,28.3,0.251,14.3,0.098,19.8
26,P2sup,8951,13/05/2019,22/05/2019,F,11.5,7.25,281.0,10.3,0.131,0.057,0.03,9.6,11.4,0.326,3.38,25.68,0.1,31.8,0.41,15.2,0.093,19.5
26,P3sup,25540,13/05/2019,22/05/2019,F,11.4,7.35,262.0,10.52,0.093,0.049,0.025,8.6,9.1,0.31,3.59,27.06,0.1,29.8,0.352,13.7,0.095,23.5
26,YV2,30025,13/05/2019,22/05/2019,F,12.4,7.32,252.0,10.55,0.126,0.06,0.028,10.2,9.1,0.385,3.78,28.27,0.1,28.7,0.354,13.4,0.096,21.2
27,P01,1262,28/05/2019,30/05/2019,F,12.3,6.87,190.5,9.99,0.025,0.012,0.012,3.3,5.2,0.108,3.3,25.14,0.09,23.1,0.227,16.0,0.11,8.5
27,P02,553,28/05/2019,30/05/2019,F,12.2,6.94,215.0,10.21,0.042,0.024,0.016,3.4,6.1,0.173,5.01,36.27,0.07,25.5,0.304,8.0,0.111,28.7
27,P03,629,28/05/2019,30/05/2019,F,12.1,7.1,227.0,10.19,0.026,0.014,0.011,4.7,4.9,0.205,4.41,32.39,0.08,27.4,0.213,7.5,0.098,35.7
27,P04,599,28/05/2019,30/05/2019,F,13.5,7.33,252.0,10.19,0.082,0.039,0.024,4.7,9.6,0.203,4.29,31.63,0.1,27.5,0.311,10.0,0.094,28.0
27,P05,431,28/05/2019,30/05/2019,F,13.9,7.4,296.0,9.75,0.071,0.035,0.024,4.7,10.1,0.202,4.34,31.91,0.08,28.7,0.383,14.6,0.11,41.4
27,P06,7239,28/05/2019,30/05/2019,F,12.1,7.31,265.0,10.18,0.052,0.03,0.023,3.3,7.2,0.118,3.61,27.14,0.07,30.9,0.289,16.5,0.113,28.0
27,P07,361,28/05/2019,30/05/2019,F,12.3,7.29,282.0,10.23,0.027,0.01,0.011,2.1,4.9,0.082,3.84,28.7,0.07,30.3,0.225,6.3,0.117,61.3
27,P08,1279,28/05/2019,30/05/2019,F,13.2,7.43,313.0,9.32,0.246,0.167,0.135,3.6,17.0,0.167,4.65,33.93,0.11,31.6,2.549,12.3,0.119,19.4
27,P09,12044,28/05/2019,30/05/2019,F,13.6,7.44,289.0,10.18,0.055,0.022,0.016,3.8,8.4,0.147,3.91,29.12,0.09,31.1,0.349,15.2,0.107,37.2
27,P10,5326,28/05/2019,30/05/2019,F,14.3,7.27,277.0,8.2,0.153,0.084,0.065,6.6,14.3,0.288,4.37,32.11,0.12,32.1,0.597,12.0,0.105,10.7
27,P11,155,28/05/2019,30/05/2019,F,13.3,7.09,216.0,9.92,0.117,0.052,0.045,3.2,5.2,0.076,2.34,18.92,0.08,28.7,0.359,8.5,0.092,24.1
27,P12,178,28/05/2019,30/05/2019,F,13.7,6.6,145.0,9.75,0.067,0.032,0.018,8.7,1.3,0.37,4.23,31.24,0.07,29.2,,4.4,0.103,6.6
27,P13,138,28/05/2019,30/05/2019,F,12.7,6.51,177.0,9.01,0.028,0.017,0.015,3.3,5.6,0.109,3.34,25.39,0.09,24.6,0.236,6.5,0.109,14.6
27,P14,181,28/05/2019,30/05/2019,F,15.5,5.31,124.0,9.22,0.015,0.005,0.008,3.2,0.8,0.054,1.71,14.75,0.09,29.2,,4.8,0.103,0.8
27,P15,80,28/05/2019,30/05/2019,F,12.2,5.16,107.0,8.3,0.008,0.004,0.008,3.1,1.0,0.051,1.68,14.59,0.11,23.8,,5.9,0.101,0.7
27,P16,500,28/05/2019,30/05/2019,F,14.1,6.55,155.0,9.1,0.037,0.016,0.012,5.0,3.5,0.148,2.93,22.74,0.11,26.0,0.17,6.3,0.082,7.4
27,P17,547,28/05/2019,30/05/2019,F,14.2,7.05,223.0,9.91,0.058,0.025,0.019,2.8,7.9,0.121,4.29,31.57,0.1,25.2,0.318,11.2,0.084,20.3
27,P18,1439,28/05/2019,30/05/2019,F,15.1,7.02,149.0,9.56,0.04,0.02,0.014,4.8,4.0,0.165,3.45,26.12,0.09,22.5,0.197,9.9,0.079,4.2
27,P19,587,28/05/2019,30/05/2019,F,13.6,7.35,242.0,10.08,0.048,0.025,0.02,3.1,7.5,0.128,4.07,30.19,0.11,23.4,0.312,11.3,0.087,35.2
27,P20,933,28/05/2019,30/05/2019,F,13.4,7.33,227.0,9.61,0.106,0.058,0.04,5.1,10.8,0.224,4.38,32.19,0.11,25.3,0.359,10.4,0.097,11.9
27,P21,459,28/05/2019,30/05/2019,,,,,,,,,,,,,,,,,,,
27,P22,1092,28/05/2019,30/05/2019,F,14.8,7.25,298.0,9.8,0.09,0.031,0.023,4.1,11.2,0.183,4.49,32.93,0.1,31.4,0.435,21.0,0.119,25.9
27,P23,458,28/05/2019,30/05/2019,F,14.3,7.31,256.0,9.43,0.045,0.03,0.022,4.6,12.1,0.179,3.93,29.23,0.12,27.9,0.445,15.1,0.116,12.6
27,P24,145,28/05/2019,30/05/2019,NF,,,,,,,,,,,,,,,,,,
27,P25,414,28/05/2019,30/05/2019,F,13.6,7.21,279.0,10.01,0.033,0.02,0.018,2.1,7.9,0.091,4.4,32.32,0.11,30.0,0.299,10.0,0.099,44.2
27,P26,113,28/05/2019,30/05/2019,NF,,,,,,,,,,,,,,,,,,
27,P27,1390,28/05/2019,30/05/2019,F,12.7,7.4,282.0,10.1,0.232,0.169,0.148,3.3,8.4,0.118,3.55,26.75,0.11,31.9,0.3,11.2,0.107,38.2
27,P28,2363,28/05/2019,30/05/2019,F,13.2,7.37,190.0,9.75,0.231,0.137,0.114,8.3,6.1,0.341,4.12,30.48,0.09,27.8,0.303,6.7,0.104,8.7
27,P29,156,28/05/2019,30/05/2019,F,12.4,7.1,152.0,9.75,0.065,0.043,0.028,9.5,4.8,0.418,4.39,32.23,0.07,23.8,0.236,4.5,0.105,5.3
27,P1sup,3484,28/05/2019,30/05/2019,F,12.8,7.3,278.0,10.11,0.047,0.026,0.022,3.4,7.0,0.12,3.51,26.51,0.06,34.6,0.261,17.4,0.112,27.4
27,P2sup,8951,28/05/2019,30/05/2019,F,14.2,7.4,304.0,8.71,0.135,0.079,0.063,4.8,14.8,0.225,4.7,34.28,0.1,33.9,0.498,17.4,0.107,12.7
27,P3sup,25540,28/05/2019,30/05/2019,F,14.0,7.46,282.0,9.69,0.094,0.044,0.034,3.8,10.5,0.173,4.58,33.51,0.07,31.9,0.439,13.5,0.103,27.8
27,YV2,30025,28/05/2019,30/05/2019,F,15.2,7.41,280.0,9.6,0.094,0.054,0.043,3.8,11.2,0.18,4.7,34.28,0.08,32.0,0.473,13.8,0.104,23.7
28,P01,1262,11/06/2019,13/06/2019,F,11.9,7.092,183.7,10.17,0.0503,0.0277,0.0204,6.092,5.616,0.23,3.78,28.25,0.09,22.1,0.262,14.1,0.104,7.8
28,P02,553,11/06/2019,13/06/2019,F,11.5,7.09,210.0,10.28,0.1236,0.0733,0.0361,15.02,7.451,0.591,3.93,29.28,0.08,24.2,0.304,10.2,0.095,15.9
28,P03,629,11/06/2019,13/06/2019,F,11.9,7.15,190.0,10.22,0.0723,0.0279,0.013,12.46,5.441,0.496,3.98,29.58,0.08,24.1,0.248,9.2,0.082,14.8
28,P04,599,11/06/2019,13/06/2019,F,13.5,7.35,230.0,10.06,0.1701,0.0392,0.0193,8.124,9.509,0.346,4.26,31.4,0.07,25.4,0.437,10.8,0.086,15.4
28,P05,431,11/06/2019,13/06/2019,F,12.7,7.33,261.0,9.83,0.095,0.0539,0.0313,8.989,9.006,0.389,4.33,31.85,0.09,25.0,0.451,14.7,0.096,28.9
28,P06,7239,11/06/2019,13/06/2019,F,11.1,7.2,205.0,10.39,0.1663,0.0663,0.0377,13.43,5.852,0.474,3.53,26.64,0.05,22.2,0.294,13.1,0.068,17.5
28,P07,361,11/06/2019,13/06/2019,F,11.6,7.17,287.0,10.19,0.039,0.0231,0.0149,6.831,6.331,0.278,4.07,30.16,0.07,31.6,0.279,9.6,0.118,50.6
28,P08,1279,11/06/2019,13/06/2019,F,12.0,7.34,331.0,8.85,0.2594,0.1996,0.1594,6.951,18.24,0.278,4.0,29.71,0.13,30.0,1.736,12.3,0.113,24.4
28,P09,12044,11/06/2019,13/06/2019,F,11.4,7.19,212.0,10.29,0.3268,0.0689,0.0378,15.4,7.218,0.512,3.32,25.31,0.05,23.9,0.336,12.2,0.069,18.1
28,P10,5326,11/06/2019,13/06/2019,F,12.2,7.18,274.0,9.16,0.2099,0.0885,0.0568,14.36,8.908,0.49,3.41,25.88,0.09,27.6,0.547,11.4,0.081,30.7
28,P11,155,11/06/2019,13/06/2019,F,12.3,7.1,210.0,9.3,0.5511,0.3398,0.2865,9.982,9.998,0.31,3.11,23.88,0.08,20.0,0.794,8.5,,12.7
28,P12,178,11/06/2019,13/06/2019,F,12.4,6.72,133.0,10.03,0.0778,0.0334,0.027,10.78,1.024,0.472,4.38,32.18,0.04,28.8,,3.3,0.097,3.1
28,P13,138,11/06/2019,13/06/2019,F,11.9,6.65,163.0,9.63,0.0499,0.0299,0.0226,4.934,5.765,0.161,3.26,24.91,0.05,24.5,0.275,5.9,0.102,9.5
28,P14,181,11/06/2019,13/06/2019,F,13.3,5.09,125.0,9.65,0.013,0.0081,0.0098,3.267,0.9147,0.065,1.99,16.6,0.06,29.8,,4.4,0.105,0.6
28,P15,80,11/06/2019,13/06/2019,F,11.8,5.4,108.0,8.29,0.01,0.0069,0.0086,2.875,1.634,0.057,1.98,16.56,0.07,24.0,,5.2,0.104,0.6
28,P16,500,11/06/2019,13/06/2019,F,14.5,6.53,187.0,9.2,0.0376,0.0198,0.0123,5.545,5.362,0.212,3.82,28.56,0.08,26.6,0.255,6.6,0.082,16.5
28,P17,547,11/06/2019,13/06/2019,F,12.5,6.97,273.0,10.14,0.0831,0.0361,0.0206,5.446,9.349,0.204,3.75,28.05,0.07,26.7,0.395,15.3,0.09,32.4
28,P18,1439,11/06/2019,13/06/2019,F,14.2,7.01,152.0,9.57,0.0521,0.0235,0.0134,5.831,5.191,0.219,3.76,28.12,0.09,22.3,0.239,8.8,0.081,2.9
28,P19,587,11/06/2019,13/06/2019,F,11.9,7.32,266.0,10.31,0.0543,0.0321,0.0202,4.861,9.3,0.201,4.13,30.59,0.11,24.5,0.402,13.6,0.095,34.9
28,P20,933,11/06/2019,13/06/2019,F,11.9,7.31,237.0,9.72,0.1384,0.0694,0.0445,7.415,12.53,0.337,4.54,33.26,0.1,25.9,0.428,10.5,0.101,8.5
28,P21,459,11/06/2019,13/06/2019,,,,,,,,,,,,,,,,,,,
28,P22,1092,11/06/2019,13/06/2019,F,13.0,7.31,274.0,10.11,0.098122107,0.040589866,0.0226,4.97,12.12,0.243,4.89,35.51,0.1,30.1,0.432,18.2,0.127,14.0
28,P23,458,11/06/2019,13/06/2019,F,13.5,7.29,270.0,9.55,0.0642,0.0389,0.0227,6.939,12.46,0.289,4.16,30.78,0.1,29.3,0.479,14.2,0.111,14.7
28,P24,145,11/06/2019,13/06/2019,F,12.1,6.94,279.0,8.65,0.0484,0.0368,0.0267,5.623,15.63,0.273,4.86,35.28,0.11,35.3,0.325,13.4,0.156,2.0
28,P25,414,11/06/2019,13/06/2019,F,12.2,7.34,291.0,10.36,0.0566,0.0296,0.0186,5.371,10.74,0.222,4.13,30.58,0.12,30.5,0.335,10.9,0.106,34.8
28,P26,113,11/06/2019,13/06/2019,F,11.8,7.33,260.0,10.19,0.1542,0.0947,0.0526,10.07,16.56,0.402,3.99,29.66,0.11,27.1,0.677,8.1,0.126,6.4
28,P27,1390,11/06/2019,13/06/2019,F,13.0,7.19,259.0,9.26,0.2103,0.1498,0.1304,5.356,8.338,0.182,3.4,25.79,0.08,27.6,0.326,10.4,0.095,33.6
28,P28,2363,11/06/2019,13/06/2019,F,12.4,7.3,199.0,9.96,0.2282,0.0996,0.0711,11.1,6.811,0.405,3.65,27.42,0.21,25.8,0.361,7.9,0.1,9.8
28,P29,156,11/06/2019,13/06/2019,F,11.3,7.14,153.0,10.33,0.0669,0.0366,0.0223,12.34,3.645,0.524,4.25,31.32,0.07,23.8,0.219,6.4,0.098,5.5
28,P1sup,3484,11/06/2019,13/06/2019,F,10.8,7.13,220.0,10.5,0.1314,0.0576,0.0319,13.68,5.645,0.46,3.36,25.55,0.05,24.9,0.287,14.0,0.075,17.7
28,P2sup,8951,11/06/2019,13/06/2019,F,12.3,7.3,244.0,9.6,0.1503,0.0806,0.0588,7.865,11.63,0.304,3.87,28.83,0.07,26.3,0.437,12.2,0.108,12.0
28,P3sup,25540,11/06/2019,13/06/2019,F,11.4,7.32,186.0,10.19,0.442192133,0.057732437,0.0341,10.7,6.342,0.328,3.07,23.62,0.05,20.9,0.338,10.3,,13.6
28,YV2,30025,11/06/2019,13/06/2019,F,12.8,7.4,255.0,9.99,0.119313093,0.061690428,0.0403,7.378,9.633,0.291,3.94,29.35,0.09,28.5,0.358,13.1,0.087,20.5
29,P01,1262,25/06/2019,03/07/2019,F,14.6,6.96,195.0,9.46,0.0395,0.0215,0.0133,3.9,6.38,0.156,4.0,29.7,0.06,23.2,0.258,14.5,0.118,7.1
29,P02,553,25/06/2019,03/07/2019,F,14.0,7.11,221.0,9.67,0.0784,0.049,0.0279,6.49,7.71,0.289,4.45,32.66,0.05,25.8,0.459,8.1,0.126,23.3
29,P03,629,25/06/2019,03/07/2019,F,14.2,7.2,212.0,9.91,0.0482,0.0282,0.0136,8.06,6.15,0.354,4.39,32.28,0.06,25.9,0.248,7.7,0.102,25.2
29,P04,599,25/06/2019,03/07/2019,F,15.8,7.46,241.0,9.65,0.1255,0.0502,0.0296,7.07,10.01,0.293,4.15,30.67,0.08,26.4,0.387,9.4,0.094,21.6
29,P05,431,25/06/2019,03/07/2019,F,15.9,7.44,283.0,9.26,0.0952,0.0499,0.0285,6.25,11.77,0.326,5.22,37.65,0.06,26.7,0.585,13.9,0.111,35.5
29,P06,7239,25/06/2019,03/07/2019,F,15.1,7.43,276.0,9.5,0.0993,0.0615,0.0384,5.71,9.66,0.212,3.71,27.83,0.06,32.2,0.342,16.8,0.114,20.9
29,P07,361,25/06/2019,03/07/2019,F,14.5,7.34,276.0,9.83,0.0476,0.027,0.0138,6.64,7.24,0.291,4.38,32.21,0.04,30.8,0.298,7.2,0.127,49.1
29,P08,1279,25/06/2019,03/07/2019,F,15.5,7.39,316.0,8.25,0.2401,0.1421,0.1124,6.19,17.05,0.283,4.57,33.42,0.07,29.5,1.316,12.2,0.116,23.3
29,P09,12044,25/06/2019,03/07/2019,F,15.8,7.44,282.0,9.5,0.0782,0.0404,0.0214,5.62,9.93,0.239,4.25,31.36,0.23,30.8,0.343,14.6,0.111,29.9
29,P10,5326,25/06/2019,03/07/2019,F,16.0,7.3,272.0,7.72,0.2029,0.121,0.0826,11.71,14.1,0.422,3.6,27.13,0.6,28.2,0.652,11.7,0.102,14.7
29,P11,155,25/06/2019,03/07/2019,F,15.6,7.21,258.0,8.61,0.4195,0.2558,0.2142,10.02,12.55,0.339,3.38,25.69,0.08,27.1,0.98,10.5,0.094,16.5
29,P12,178,25/06/2019,03/07/2019,F,15.7,6.31,132.0,9.14,0.0903,0.0404,0.0201,10.74,7.29,0.471,4.39,32.22,0.06,29.2,0.278,3.1,0.109,2.4
29,P13,138,25/06/2019,03/07/2019,F,15.5,6.59,152.0,9.22,0.0518,0.0266,0.0154,4.54,4.55,0.142,3.13,24.01,0.07,24.4,0.204,4.7,0.12,7.5
29,P14,181,25/06/2019,03/07/2019,F,16.1,5.02,126.0,8.93,0.0321,0.0154,0.0102,3.51,0.68,0.07,1.99,16.63,0.06,30.5,,4.1,0.108,0.6
29,P15,80,25/06/2019,03/07/2019,F,13.4,5.19,110.0,7.6,0.026,0.0138,0.0101,2.81,1.67,0.057,2.03,16.86,0.06,25.1,,4.8,0.11,0.6
29,P16,500,25/06/2019,03/07/2019,F,17.6,6.63,167.0,8.58,0.0627,0.0306,0.0142,6.24,5.56,0.233,3.73,27.98,0.09,33.8,0.225,6.1,0.114,10.8
29,P17,547,25/06/2019,03/07/2019,F,15.8,7.06,274.0,9.26,0.1106,0.0497,0.025,7.04,10.77,0.251,3.56,26.86,0.03,27.2,0.348,14.7,0.102,27.4
29,P18,1439,25/06/2019,03/07/2019,F,18.0,7.06,157.0,8.77,0.0594,0.0316,0.0145,6.22,5.8,0.224,3.6,27.11,0.09,22.1,0.253,9.0,0.089,3.4
29,P19,587,25/06/2019,03/07/2019,F,15.7,7.38,267.0,9.45,0.0968,0.0505,0.0265,6.29,10.0,0.242,3.85,28.73,0.09,25.1,0.363,12.5,0.105,33.7
29,P20,933,25/06/2019,03/07/2019,F,16.0,7.35,243.0,8.53,0.1221,0.0798,0.046,7.84,13.44,0.345,4.4,32.33,0.08,24.9,0.357,10.2,0.11,12.9
29,P21,459,25/06/2019,03/07/2019,NF,,,,,,,,,,,,,,,,,,
29,P22,1092,25/06/2019,03/07/2019,F,16.7,7.25,249.0,9.35,0.1065,0.053,0.0305,8.26,15.67,0.263,3.18,24.39,0.15,25.9,0.534,18.7,0.124,12.5
29,P23,458,25/06/2019,03/07/2019,F,16.7,7.32,267.0,9.01,0.061,0.0374,0.0196,4.95,12.31,0.232,4.68,34.18,0.09,27.7,0.432,15.2,0.127,19.0
29,P24,145,25/06/2019,03/07/2019,F,15.7,7.16,289.0,8.73,0.0641,0.0409,0.0259,5.93,12.61,0.229,3.86,28.83,0.09,35.5,0.396,15.8,0.139,16.4
29,P25,414,25/06/2019,03/07/2019,F,15.3,7.31,295.0,9.73,0.0656,0.0357,0.0184,4.98,10.45,0.205,4.12,30.5,0.09,30.3,0.378,11.0,0.118,40.9
29,P26,113,25/06/2019,03/07/2019,F,15.3,7.32,258.0,9.48,0.2473,0.1326,0.0675,9.44,16.8,0.351,3.72,27.87,0.1,27.0,1.142,13.3,0.133,22.1
29,P27,1390,25/06/2019,03/07/2019,F,17.0,7.17,305.0,8.74,0.2422,0.1584,0.1329,6.43,9.8,0.241,3.75,28.06,0.08,27.2,0.395,9.8,0.103,29.8
29,P28,2363,25/06/2019,03/07/2019,F,16.2,7.37,218.0,8.75,0.2479,0.1306,0.0941,13.01,9.38,0.481,3.7,27.74,0.04,26.0,0.406,8.2,0.112,11.2
29,P29,156,25/06/2019,03/07/2019,F,15.2,7.08,150.0,9.21,0.0839,0.0493,0.0268,13.71,4.53,0.578,4.22,31.12,0.2,22.6,0.233,5.1,0.107,5.2
29,P1sup,3484,25/06/2019,03/07/2019,F,15.0,7.42,272.0,9.49,0.0772,0.0411,0.0238,6.38,8.97,0.223,3.5,26.43,0.24,32.2,0.31,16.8,0.117,21.5
29,P2sup,8951,25/06/2019,03/07/2019,F,16.2,7.35,278.0,8.2,0.1368,0.0781,0.0511,8.67,13.14,0.277,3.19,24.45,0.06,28.4,0.382,15.1,0.107,16.4
29,P3sup,25540,25/06/2019,03/07/2019,F,16.0,7.43,279.0,8.55,0.1255,0.0606,0.0365,6.47,11.51,0.246,3.8,28.44,0.02,29.7,0.377,14.8,0.103,23.0
29,YV2,30025,25/06/2019,03/07/2019,F,16.8,7.33,275.0,8.62,0.1117,0.0629,0.0426,6.55,10.73,0.24,3.67,27.53,0.07,29.9,0.358,13.8,0.107,24.4
30,P01,1262,09/07/2019,17/07/2019,F,15.5,6.63,207.0,8.14,0.0368,0.0186,0.0125,3.74,7.13,0.113,3.02,23.33,0.073240334,25.94426122,0.209352986,20.14985555,0.119887427,7.036119833
30,P02,553,09/07/2019,17/07/2019,F,15.4,6.8,235.0,8.66,0.0758,0.0463,0.016,5.41,7.88,0.188,3.47,26.28,0.069919958,26.24215118,0.282764668,9.631574976,0.105931217,31.03299444
30,P03,629,09/07/2019,17/07/2019,F,15.1,7.06,244.0,9.37,0.0454,0.0255,0.0124,3.72,4.39,0.1262,3.39,25.73,0.061954448,29.98480489,0.108434476,4.372525145,0.085667315,49.13742937
30,P04,599,09/07/2019,17/07/2019,F,15.1,7.46,269.0,9.66,0.1231,0.0474,0.0421,6.9,10.06,0.2253,3.27,24.93,0.095918125,29.42340879,0.258938457,7.948276396,0.065857624,34.30830297
30,P05,431,09/07/2019,17/07/2019,F,16.3,7.49,306.0,9.15,0.0926,0.0471,0.0458,5.36,11.44,0.1918,3.58,26.94,0.079520992,31.39774682,0.264721354,14.19600995,0.082850416,38.83646371
30,P06,7239,09/07/2019,17/07/2019,F,15.9,7.3,269.0,8.71,0.0965,0.0587,0.0232,6.25,10.05,0.2064,3.3,25.15,0.07090099,30.9005222,0.289041059,9.670615243,0.07591569,32.32966805
30,P07,361,09/07/2019,17/07/2019,F,15.0,7.45,285.0,9.73,0.045,0.0242,0.0131,2.34,5.71,0.0839,3.58,26.99,0.051030962,31.24685503,0.183080734,6.023877409,0.10045354,61.18277038
30,P08,1279,09/07/2019,17/07/2019,F,16.5,7.46,299.0,8.86,0.2378,0.1394,0.0554,4.75,13.89,0.1454,3.06,23.58,0.115369655,31.66004862,0.407258068,13.9701025,0.100810321,27.58664837
30,P09,12044,09/07/2019,17/07/2019,F,17.1,7.4,292.0,8.81,0.0755,0.0375,0.0173,5.25,9.64,0.1671,3.19,24.4,0.070365239,34.07774626,0.268079274,13.47177958,0.072683321,33.50011923
30,P10,5326,09/07/2019,17/07/2019,F,18.0,7.27,321.0,6.1,0.2004,0.118,0.0588,8.52,21.01,0.3211,3.77,28.19,0.1180233,33.83640585,0.29934652,13.06495334,0.112447919,6.827783636
30,P11,155,09/07/2019,17/07/2019,VLF,19.4,7.18,240.0,7.4,0.4175,0.2534,0.1075,4.75,9.75,0.1315,2.77,21.69,0.103029007,29.13411003,0.334559303,7.544545474,0.079002843,19.50487994
30,P12,178,09/07/2019,17/07/2019,VLF,17.4,6.86,189.0,7.8,0.0876,0.0375,0.0127,5.83,5.02,0.2034,3.49,26.36,0.060590109,23.72610388,0.300598067,8.796030042,0.103389443,21.54417805
30,P13,138,09/07/2019,17/07/2019,F,14.6,6.36,243.0,5.5,0.0492,0.0236,0.0294,2.44,10.33,0.0486,1.99,16.62,0.064854764,22.52226467,0.258445325,11.40060403,0.081150487,36.31183914
30,P14,181,09/07/2019,17/07/2019,VLF,19.0,5.18,129.0,8.6,0.0295,0.0125,0.0102,2.96,1.11,0.0488,1.65,14.38,0.08881617,31.83705531,,4.412095802,0.142291318,0.667956623
30,P15,80,09/07/2019,17/07/2019,F,15.1,5.36,112.0,8.7,0.0234,0.011,0.0105,3.37,1.09,0.0558,1.66,14.44,0.073912831,27.40959228,,3.282344971,0.12260388,0.560999302
30,P16,500,09/07/2019,17/07/2019,F,18.5,6.72,218.0,7.3,0.0602,0.0276,0.0205,3.99,6.63,0.1127,2.83,22.06,0.115928693,25.27646848,0.264127959,8.747600676,0.085133303,23.40747136
30,P17,547,09/07/2019,17/07/2019,F,18.2,7.02,266.0,8.8,0.108,0.0468,0.0331,2.93,7.1,0.0795,2.71,21.33,0.092145177,26.15219892,0.294381016,14.62755839,0.066358463,40.65894221
30,P18,1439,09/07/2019,17/07/2019,F,17.5,7.21,165.0,8.75,0.0567,0.0288,0.0205,6.17,6.15,0.1847,2.99,23.15,0.1100178,23.28823392,0.196532154,8.056147062,0.076110087,4.585033643
30,P19,587,09/07/2019,17/07/2019,F,16.9,7.46,267.0,9.48,0.0941,0.0476,0.0264,5.22,8.58,0.1576,3.02,23.33,0.123102369,24.53164462,0.261460087,12.44284261,0.077945491,41.42375035
30,P20,933,09/07/2019,17/07/2019,NF,,,,,,,,,,,,,,,,,,
30,P21,459,09/07/2019,17/07/2019,,,,,,,,,,,,,,,,,,,
30,P22,1092,09/07/2019,17/07/2019,F,19.1,7.09,328.0,8.52,0.104,0.0502,0.0185,4.15,9.4,0.1161,2.8,21.86,0.092459217,36.28384625,0.294881009,21.00271131,0.104710553,39.53239594
30,P23,458,09/07/2019,17/07/2019,F,19.6,6.88,255.0,7.54,0.0582,0.0344,0.0341,5.0,11.03,0.1789,3.58,26.94,0.111045965,25.92353952,0.287584772,13.71839232,0.100789211,23.67441318
30,P24,145,09/07/2019,17/07/2019,NF,,,,,,,,,,,,,,,,,,
30,P25,414,09/07/2019,17/07/2019,F,16.3,7.17,282.0,9.59,0.063,0.0328,0.0231,3.09,6.55,0.0866,2.8,21.91,0.108656289,30.30268057,0.207515386,9.766292735,0.075969045,50.2486646
30,P26,113,09/07/2019,17/07/2019,NF,,,,,,,,,,,,,,,,,,
30,P27,1390,09/07/2019,17/07/2019,F,15.7,7.4,283.0,9.3,0.24,0.1557,0.1265,3.81,8.66,0.1148,3.01,23.27,0.097999823,32.05756694,0.22544628,11.68565125,0.089688639,36.97121089
30,P28,2363,09/07/2019,17/07/2019,F,16.3,7.39,195.0,8.9,0.2455,0.1281,0.1809,10.49,6.92,0.3916,3.73,27.97,0.064028446,28.18536783,0.209316997,6.180431019,0.111223312,7.310226614
30,P29,156,09/07/2019,17/07/2019,NF,,,,,,,,,,,,,,,,,,
30,P1sup,3484,09/07/2019,17/07/2019,F,16.0,7.37,300.0,9.25,0.0746,0.0384,0.0254,4.23,9.08,0.1321,3.12,23.97,0.063613855,36.55538578,0.232070643,18.06224209,0.100170296,29.7262932
30,P2sup,8951,09/07/2019,17/07/2019,F,18.0,7.34,348.0,6.1,0.1342,0.0752,0.0709,8.1,18.92,0.2556,3.16,24.21,0.10288337,36.64804429,0.288861355,20.69551976,0.100331752,8.379320595
30,P3sup,25540,09/07/2019,17/07/2019,F,17.7,7.4,297.0,8.0,0.123,0.0578,0.04,6.29,12.4,0.2013,3.2,24.48,0.083603814,33.92804408,0.277481523,14.26199565,0.077593813,22.29302302
30,YV2,30025,09/07/2019,17/07/2019,F,19.2,7.28,290.0,7.45,0.1091,0.06,0.0527,6.52,13.48,0.2194,3.36,25.56,0.070992799,32.7265818,0.317002742,13.60937956,0.101935178,18.43226624
31,P01,1262,23/07/2019,26/07/2019,VLF,17.8,6.45,223.0,5.77,0.0369,0.0244,0.0105,3.0,6.74,0.0992,3.31,25.2,0.081535579,27.11600314,0.191204368,24.96537439,0.131742681,6.607094891
31,P02,553,23/07/2019,26/07/2019,VLF,17.7,6.72,239.0,7.3,0.0295,0.0216,0.0169,2.99,8.74,0.1617,5.41,38.9,0.082572928,25.98194905,0.330944891,9.587267272,0.110004403,29.34432703
31,P03,629,23/07/2019,26/07/2019,VLF,17.7,6.89,266.0,8.62,0.0256,0.0179,0.0142,2.96,3.69,0.1062,3.59,27.01,0.04642485,35.20297276,0.110049877,2.598422797,0.087333218,54.89793316
31,P04,599,23/07/2019,26/07/2019,LF,18.1,7.47,277.0,8.95,0.198,0.0515,0.0534,6.83,10.08,0.2199,3.22,24.61,0.099754484,30.26226906,0.230090506,6.515939427,,37.49417533
31,P05,431,23/07/2019,26/07/2019,LF,19.0,7.52,309.0,8.51,0.1246,0.035,0.0458,5.96,12.63,0.1918,3.22,24.62,0.083091202,30.91698979,0.258513731,13.37914649,0.094553349,29.71674302
31,P06,7239,23/07/2019,26/07/2019,VLF,18.1,7.37,340.0,8.39,0.054,0.0355,0.0355,3.33,11.26,0.1375,4.12,30.52,0.060591763,44.68800974,0.239851106,18.69365535,0.103706727,28.03091255
31,P07,361,23/07/2019,26/07/2019,VLF,17.2,7.3,280.0,9.09,0.0448,0.0196,0.0139,2.84,5.79,0.0888,3.13,24.05,0.010157562,30.90994464,0.182319042,6.191782813,0.096941479,59.61852126
31,P08,1279,23/07/2019,26/07/2019,VLF,19.8,7.54,306.0,8.03,0.123,0.0446,0.0597,5.49,16.56,0.1887,3.43,26.03,0.116775876,32.32692983,0.298831161,12.13352451,0.102342828,14.64113633
31,P09,12044,23/07/2019,26/07/2019,VLF,19.8,7.38,310.0,8.06,0.0482,0.0282,0.0218,5.32,10.63,0.1729,3.25,24.84,0.073511979,38.54131487,0.263777337,13.94335625,0.063876691,28.97989315
31,P10,5326,23/07/2019,26/07/2019,VLF,21.2,7.23,330.0,5.8,0.1119,0.0519,0.0693,4.55,22.66,0.3011,6.62,46.77,0.121111296,35.42738381,0.289113178,12.16535576,0.104582648,3.082567582
31,P11,155,23/07/2019,26/07/2019,VLF,24.0,7.04,240.0,5.3,0.5205,0.1998,0.1662,6.64,9.83,0.2059,3.1,23.84,0.121357905,30.27234091,0.411052892,8.192260785,0.066440254,12.97755378
31,P12,178,23/07/2019,26/07/2019,NF,,,,,,,,,,,,,,,,,,
31,P13,138,23/07/2019,26/07/2019,VLF,16.5,6.09,252.0,5.4,0.0605,0.0355,0.0368,0.37,8.79,0.0207,5.58,39.99,0.085012932,21.78146978,0.197646966,12.37313715,0.067984236,46.83159832
31,P14,181,23/07/2019,26/07/2019,NF,,,,,,,,,,,,,,,,,,
31,P15,80,23/07/2019,26/07/2019,NF,,,,,,,,,,,,,,,,,,
31,P16,500,23/07/2019,26/07/2019,VLF,23.4,6.88,219.0,6.05,0.1141,0.025,0.0211,3.84,9.42,0.1265,3.3,25.13,0.153413646,26.30340244,0.295544042,9.568064945,0.089211903,13.26910866
31,P17,547,23/07/2019,26/07/2019,NF,,,,,,,,,,,,,,,,,,
31,P18,1439,23/07/2019,26/07/2019,VLF,21.9,7.14,169.0,,0.0438,0.0226,0.0178,5.91,6.28,0.1683,2.85,22.19,0.148183141,24.22519083,0.168216703,7.294173791,0.079678652,2.791798082
31,P19,587,23/07/2019,26/07/2019,NF,,,,,,,,,,,,,,,,,,
31,P20,933,23/07/2019,26/07/2019,NF,,,,,,,,,,,,,,,,,,
31,P21,459,23/07/2019,26/07/2019,,,,,,,,,,,,,,,,,,,
31,P22,1092,23/07/2019,26/07/2019,VLF,25.2,7.01,331.0,7.26,0.1208,0.0233,0.0212,3.75,8.38,0.0863,2.3,18.63,0.115040576,35.26572467,0.386829287,20.19349071,0.137416474,49.49604121
31,P23,458,23/07/2019,26/07/2019,NF,,,,,,,,,,,,,,,,,,
31,P24,145,23/07/2019,26/07/2019,NF,,,,,,,,,,,,,,,,,,
31,P25,414,23/07/2019,26/07/2019,LF,20.5,7.31,278.0,8.75,0.0583,0.0297,0.0271,2.98,5.77,0.085,2.85,22.21,0.139260211,30.62382727,0.14656742,10.00094788,0.07084674,50.06696383
31,P26,113,23/07/2019,26/07/2019,VLF,19.0,7.31,303.0,8.05,,,,,,,,,,,,,,
31,P27,1390,23/07/2019,26/07/2019,NF,,,,,0.2693,0.1937,0.1692,6.8,11.28,0.1491,2.19,17.93,0.062163805,37.65391391,0.219835326,12.24610526,0.085961465,32.46896534
31,P28,2363,23/07/2019,26/07/2019,VLF,21.1,7.11,185.7,7.45,0.4364,0.1163,0.1303,9.73,4.89,0.3234,3.32,25.3,0.080387913,27.69440591,0.111228906,6.075947144,0.098142314,9.866722349
31,P29,156,23/07/2019,26/07/2019,NF,,,,,,,,,,,,,,,,,,
31,P1sup,3484,23/07/2019,26/07/2019,LF,17.9,7.34,358.0,8.5,0.0692,0.0257,0.0268,3.59,10.37,0.1299,3.62,27.23,0.102630267,49.17427293,0.154403234,19.95385799,0.104426443,28.49779853
31,P2sup,8951,23/07/2019,26/07/2019,VLF,22.2,7.48,382.0,7.14,0.1861,0.0757,0.0743,6.86,22.18,0.2829,4.12,30.5,0.151743371,39.35629953,0.232290641,22.147344,0.110022402,3.027247285
31,P3sup,25540,23/07/2019,26/07/2019,LF,20.7,7.4,325.0,7.12,0.1166,0.0503,0.047,7.18,15.31,0.2209,3.08,23.68,0.12227144,37.86841424,0.23344641,16.03247916,0.069954989,15.4301204
31,YV2,30025,23/07/2019,26/07/2019,LF,23.0,7.33,302.0,6.9,0.1007,0.0401,0.047,6.06,15.71,0.211,3.48,26.34,0.128383962,35.00440892,0.241928718,13.90229881,0.09587475,10.86640818
